Frequency_Hz,Snapshot_0_Amplitude_dB,Snapshot_0_Phase_rad,Snapshot_1_Amplitude_dB,Snapshot_1_Phase_rad,Snapshot_2_Amplitude_dB,Snapshot_2_Phase_rad,Snapshot_3_Amplitude_dB,Snapshot_3_Phase_rad,Snapshot_4_Amplitude_dB,Snapshot_4_Phase_rad,Snapshot_5_Amplitude_dB,Snapshot_5_Phase_rad,Snapshot_6_Amplitude_dB,Snapshot_6_Phase_rad,Snapshot_7_Amplitude_dB,Snapshot_7_Phase_rad,Snapshot_8_Amplitude_dB,Snapshot_8_Phase_rad,Snapshot_9_Amplitude_dB,Snapshot_9_Phase_rad,Snapshot_10_Amplitude_dB,Snapshot_10_Phase_rad,Snapshot_11_Amplitude_dB,Snapshot_11_Phase_rad,Snapshot_12_Amplitude_dB,Snapshot_12_Phase_rad,Snapshot_13_Amplitude_dB,Snapshot_13_Phase_rad,Snapshot_14_Amplitude_dB,Snapshot_14_Phase_rad,Snapshot_15_Amplitude_dB,Snapshot_15_Phase_rad,Snapshot_16_Amplitude_dB,Snapshot_16_Phase_rad,Snapshot_17_Amplitude_dB,Snapshot_17_Phase_rad,Snapshot_18_Amplitude_dB,Snapshot_18_Phase_rad,Snapshot_19_Amplitude_dB,Snapshot_19_Phase_rad,Snapshot_20_Amplitude_dB,Snapshot_20_Phase_rad,Snapshot_21_Amplitude_dB,Snapshot_21_Phase_rad,Snapshot_22_Amplitude_dB,Snapshot_22_Phase_rad,Snapshot_23_Amplitude_dB,Snapshot_23_Phase_rad,Snapshot_24_Amplitude_dB,Snapshot_24_Phase_rad,Snapshot_25_Amplitude_dB,Snapshot_25_Phase_rad,Snapshot_26_Amplitude_dB,Snapshot_26_Phase_rad,Snapshot_27_Amplitude_dB,Snapshot_27_Phase_rad,Snapshot_28_Amplitude_dB,Snapshot_28_Phase_rad,Snapshot_29_Amplitude_dB,Snapshot_29_Phase_rad,Snapshot_30_Amplitude_dB,Snapshot_30_Phase_rad,Snapshot_31_Amplitude_dB,Snapshot_31_Phase_rad,Snapshot_32_Amplitude_dB,Snapshot_32_Phase_rad,Snapshot_33_Amplitude_dB,Snapshot_33_Phase_rad,Snapshot_34_Amplitude_dB,Snapshot_34_Phase_rad,Snapshot_35_Amplitude_dB,Snapshot_35_Phase_rad,Snapshot_36_Amplitude_dB,Snapshot_36_Phase_rad,Snapshot_37_Amplitude_dB,Snapshot_37_Phase_rad
3.750000000000000000e+02,-6.896624898906889456e+00,-1.849103360090503453e-02,-6.896624898906889456e+00,-1.849103360090503453e-02,-6.896624898906889456e+00,-1.849103360090503453e-02,-6.896624898906889456e+00,-1.849103360090503453e-02,-6.896624898906889456e+00,-1.849103360090503453e-02,-6.896624898906889456e+00,-1.849103360090503453e-02,-6.896624898906889456e+00,-1.849103360090503453e-02,-6.896624898906889456e+00,-1.849103360090503453e-02,-6.896624898906889456e+00,-1.849103360090503453e-02,-6.896624898906889456e+00,-1.849103360090503453e-02,-6.896624898906889456e+00,-1.849103360090503453e-02,-6.896624898906889456e+00,-1.849103360090503453e-02,-6.896624898906889456e+00,-1.849103360090503453e-02,-6.896624898906889456e+00,-1.849103360090503453e-02,-6.896624898906889456e+00,-1.849103360090503453e-02,-6.896624898906889456e+00,-1.849103360090503453e-02,-6.896624898906889456e+00,-1.849103360090503453e-02,-6.896624898906889456e+00,-1.849103360090503453e-02,-6.896624898906889456e+00,-1.849103360090503453e-02,-6.896624898906889456e+00,-1.849103360090503453e-02,-6.896624898906889456e+00,-1.849103360090503453e-02,-6.896624898906889456e+00,-1.849103360090503453e-02,-6.896624898906889456e+00,-1.849103360090503453e-02,-3.718657636189871774e+00,-2.014374080442422887e-02,-3.718657636189871774e+00,-2.014374080442422887e-02,-3.718657636189871774e+00,-2.014374080442422887e-02,-3.718657636189871774e+00,-2.014374080442422887e-02,-3.718657636189871774e+00,-2.014374080442422887e-02,-3.718657636189871774e+00,-2.014374080442422887e-02,-3.718657636189871774e+00,-2.014374080442422887e-02,-2.480515528169429107e+00,-2.064074525296276733e-02,-2.480515528169429107e+00,-2.064074525296276733e-02,-2.480515528169429107e+00,-2.064074525296276733e-02,-2.480515528169429107e+00,-2.064074525296276733e-02,-2.480515528169429107e+00,-2.064074525296276733e-02,-2.480515528169429107e+00,-2.064074525296276733e-02,-2.480515528169429107e+00,-2.064074525296276733e-02,-2.480515528169429107e+00,-2.064074525296276733e-02
4.687500000000000000e+02,-6.900905816259451875e+00,-6.112968068360880025e-02,-6.900905816259451875e+00,-6.112968068360880025e-02,-6.900905816259451875e+00,-6.112968068360880025e-02,-6.900905816259451875e+00,-6.112968068360880025e-02,-6.900905816259451875e+00,-6.112968068360880025e-02,-6.900905816259451875e+00,-6.112968068360880025e-02,-6.900905816259451875e+00,-6.112968068360880025e-02,-6.900905816259451875e+00,-6.112968068360880025e-02,-6.900905816259451875e+00,-6.112968068360880025e-02,-6.900905816259451875e+00,-6.112968068360880025e-02,-6.900905816259451875e+00,-6.112968068360880025e-02,-6.900905816259451875e+00,-6.112968068360880025e-02,-6.900905816259451875e+00,-6.112968068360880025e-02,-6.900905816259451875e+00,-6.112968068360880025e-02,-6.900905816259451875e+00,-6.112968068360880025e-02,-6.900905816259451875e+00,-6.112968068360880025e-02,-6.900905816259451875e+00,-6.112968068360880025e-02,-6.900905816259451875e+00,-6.112968068360880025e-02,-6.900905816259451875e+00,-6.112968068360880025e-02,-6.900905816259451875e+00,-6.112968068360880025e-02,-6.900905816259451875e+00,-6.112968068360880025e-02,-6.900905816259451875e+00,-6.112968068360880025e-02,-6.900905816259451875e+00,-6.112968068360880025e-02,-3.720151853082131588e+00,-6.377757406012031505e-02,-3.720151853082131588e+00,-6.377757406012031505e-02,-3.720151853082131588e+00,-6.377757406012031505e-02,-3.720151853082131588e+00,-6.377757406012031505e-02,-3.720151853082131588e+00,-6.377757406012031505e-02,-3.720151853082131588e+00,-6.377757406012031505e-02,-3.720151853082131588e+00,-6.377757406012031505e-02,-2.481164634183181672e+00,-6.457351890971281538e-02,-2.481164634183181672e+00,-6.457351890971281538e-02,-2.481164634183181672e+00,-6.457351890971281538e-02,-2.481164634183181672e+00,-6.457351890971281538e-02,-2.481164634183181672e+00,-6.457351890971281538e-02,-2.481164634183181672e+00,-6.457351890971281538e-02,-2.481164634183181672e+00,-6.457351890971281538e-02,-2.481164634183181672e+00,-6.457351890971281538e-02
5.625000000000000000e+02,-6.874570246059422907e+00,1.431362517437925197e-01,-6.874570246059422907e+00,1.431362517437925197e-01,-6.874570246059422907e+00,1.431362517437925197e-01,-6.874570246059422907e+00,1.431362517437925197e-01,-6.874570246059422907e+00,1.431362517437925197e-01,-6.874570246059422907e+00,1.431362517437925197e-01,-6.874570246059422907e+00,1.431362517437925197e-01,-6.874570246059422907e+00,1.431362517437925197e-01,-6.874570246059422907e+00,1.431362517437925197e-01,-6.874570246059422907e+00,1.431362517437925197e-01,-6.874570246059422907e+00,1.431362517437925197e-01,-6.874570246059422907e+00,1.431362517437925197e-01,-6.874570246059422907e+00,1.431362517437925197e-01,-6.874570246059422907e+00,1.431362517437925197e-01,-6.874570246059422907e+00,1.431362517437925197e-01,-6.874570246059422907e+00,1.431362517437925197e-01,-6.874570246059422907e+00,1.431362517437925197e-01,-6.874570246059422907e+00,1.431362517437925197e-01,-6.874570246059422907e+00,1.431362517437925197e-01,-6.874570246059422907e+00,1.431362517437925197e-01,-6.874570246059422907e+00,1.431362517437925197e-01,-6.874570246059422907e+00,1.431362517437925197e-01,-6.874570246059422907e+00,1.431362517437925197e-01,-3.710996682124550361e+00,1.429229702429189730e-01,-3.710996682124550361e+00,1.429229702429189730e-01,-3.710996682124550361e+00,1.429229702429189730e-01,-3.710996682124550361e+00,1.429229702429189730e-01,-3.710996682124550361e+00,1.429229702429189730e-01,-3.710996682124550361e+00,1.429229702429189730e-01,-3.710996682124550361e+00,1.429229702429189730e-01,-2.477192303374240012e+00,1.428586934362550687e-01,-2.477192303374240012e+00,1.428586934362550687e-01,-2.477192303374240012e+00,1.428586934362550687e-01,-2.477192303374240012e+00,1.428586934362550687e-01,-2.477192303374240012e+00,1.428586934362550687e-01,-2.477192303374240012e+00,1.428586934362550687e-01,-2.477192303374240012e+00,1.428586934362550687e-01,-2.477192303374240012e+00,1.428586934362550687e-01
6.562500000000000000e+02,-6.914732211786770222e+00,1.963423073674221142e-02,-6.914732211786770222e+00,1.963423073674221142e-02,-6.914732211786770222e+00,1.963423073674221142e-02,-6.914732211786770222e+00,1.963423073674221142e-02,-6.914732211786770222e+00,1.963423073674221142e-02,-6.914732211786770222e+00,1.963423073674221142e-02,-6.914732211786770222e+00,1.963423073674221142e-02,-6.914732211786770222e+00,1.963423073674221142e-02,-6.914732211786770222e+00,1.963423073674221142e-02,-6.914732211786770222e+00,1.963423073674221142e-02,-6.914732211786770222e+00,1.963423073674221142e-02,-6.914732211786770222e+00,1.963423073674221142e-02,-6.914732211786770222e+00,1.963423073674221142e-02,-6.914732211786770222e+00,1.963423073674221142e-02,-6.914732211786770222e+00,1.963423073674221142e-02,-6.914732211786770222e+00,1.963423073674221142e-02,-6.914732211786770222e+00,1.963423073674221142e-02,-6.914732211786770222e+00,1.963423073674221142e-02,-6.914732211786770222e+00,1.963423073674221142e-02,-6.914732211786770222e+00,1.963423073674221142e-02,-6.914732211786770222e+00,1.963423073674221142e-02,-6.914732211786770222e+00,1.963423073674221142e-02,-6.914732211786770222e+00,1.963423073674221142e-02,-3.725523731214163803e+00,3.524160388404776363e-03,-3.725523731214163803e+00,3.524160388404776363e-03,-3.725523731214163803e+00,3.524160388404776363e-03,-3.725523731214163803e+00,3.524160388404776363e-03,-3.725523731214163803e+00,3.524160388404776363e-03,-3.725523731214163803e+00,3.524160388404776363e-03,-3.725523731214163803e+00,3.524160388404776363e-03,-2.483568684762358814e+00,-1.311905083459682887e-03,-2.483568684762358814e+00,-1.311905083459682887e-03,-2.483568684762358814e+00,-1.311905083459682887e-03,-2.483568684762358814e+00,-1.311905083459682887e-03,-2.483568684762358814e+00,-1.311905083459682887e-03,-2.483568684762358814e+00,-1.311905083459682887e-03,-2.483568684762358814e+00,-1.311905083459682887e-03,-2.483568684762358814e+00,-1.311905083459682887e-03
7.500000000000000000e+02,-6.961154538011077086e+00,1.679260932824083730e-01,-6.961154538011077086e+00,1.679260932824083730e-01,-6.961154538011077086e+00,1.679260932824083730e-01,-6.961154538011077086e+00,1.679260932824083730e-01,-6.961154538011077086e+00,1.679260932824083730e-01,-6.961154538011077086e+00,1.679260932824083730e-01,-6.961154538011077086e+00,1.679260932824083730e-01,-6.961154538011077086e+00,1.679260932824083730e-01,-6.961154538011077086e+00,1.679260932824083730e-01,-6.961154538011077086e+00,1.679260932824083730e-01,-6.961154538011077086e+00,1.679260932824083730e-01,-6.961154538011077086e+00,1.679260932824083730e-01,-6.961154538011077086e+00,1.679260932824083730e-01,-6.961154538011077086e+00,1.679260932824083730e-01,-6.961154538011077086e+00,1.679260932824083730e-01,-6.961154538011077086e+00,1.679260932824083730e-01,-6.961154538011077086e+00,1.679260932824083730e-01,-6.961154538011077086e+00,1.679260932824083730e-01,-6.961154538011077086e+00,1.679260932824083730e-01,-6.961154538011077086e+00,1.679260932824083730e-01,-6.961154538011077086e+00,1.679260932824083730e-01,-6.961154538011077086e+00,1.679260932824083730e-01,-6.961154538011077086e+00,1.679260932824083730e-01,-3.742366481788504284e+00,1.432734250343315197e-01,-3.742366481788504284e+00,1.432734250343315197e-01,-3.742366481788504284e+00,1.432734250343315197e-01,-3.742366481788504284e+00,1.432734250343315197e-01,-3.742366481788504284e+00,1.432734250343315197e-01,-3.742366481788504284e+00,1.432734250343315197e-01,-3.742366481788504284e+00,1.432734250343315197e-01,-2.490966215351068769e+00,1.359065304346606662e-01,-2.490966215351068769e+00,1.359065304346606662e-01,-2.490966215351068769e+00,1.359065304346606662e-01,-2.490966215351068769e+00,1.359065304346606662e-01,-2.490966215351068769e+00,1.359065304346606662e-01,-2.490966215351068769e+00,1.359065304346606662e-01,-2.490966215351068769e+00,1.359065304346606662e-01,-2.490966215351068769e+00,1.359065304346606662e-01
8.437500000000000000e+02,-7.223735528965674391e+00,8.113596803797067103e-02,-7.223735528965674391e+00,8.113596803797067103e-02,-7.223735528965674391e+00,8.113596803797067103e-02,-7.223735528965674391e+00,8.113596803797067103e-02,-7.223735528965674391e+00,8.113596803797067103e-02,-7.223735528965674391e+00,8.113596803797067103e-02,-7.223735528965674391e+00,8.113596803797067103e-02,-7.223735528965674391e+00,8.113596803797067103e-02,-7.223735528965674391e+00,8.113596803797067103e-02,-7.223735528965674391e+00,8.113596803797067103e-02,-7.223735528965674391e+00,8.113596803797067103e-02,-7.223735528965674391e+00,8.113596803797067103e-02,-7.223735528965674391e+00,8.113596803797067103e-02,-7.223735528965674391e+00,8.113596803797067103e-02,-7.223735528965674391e+00,8.113596803797067103e-02,-7.223735528965674391e+00,8.113596803797067103e-02,-7.223735528965674391e+00,8.113596803797067103e-02,-7.223735528965674391e+00,8.113596803797067103e-02,-7.223735528965674391e+00,8.113596803797067103e-02,-7.223735528965674391e+00,8.113596803797067103e-02,-7.223735528965674391e+00,8.113596803797067103e-02,-7.223735528965674391e+00,8.113596803797067103e-02,-7.223735528965674391e+00,8.113596803797067103e-02,-3.834252756941523010e+00,4.114350490738664240e-02,-3.834252756941523010e+00,4.114350490738664240e-02,-3.834252756941523010e+00,4.114350490738664240e-02,-3.834252756941523010e+00,4.114350490738664240e-02,-3.834252756941523010e+00,4.114350490738664240e-02,-3.834252756941523010e+00,4.114350490738664240e-02,-3.834252756941523010e+00,4.114350490738664240e-02,-2.530889877995030623e+00,2.949688455891082486e-02,-2.530889877995030623e+00,2.949688455891082486e-02,-2.530889877995030623e+00,2.949688455891082486e-02,-2.530889877995030623e+00,2.949688455891082486e-02,-2.530889877995030623e+00,2.949688455891082486e-02,-2.530889877995030623e+00,2.949688455891082486e-02,-2.530889877995030623e+00,2.949688455891082486e-02,-2.530889877995030623e+00,2.949688455891082486e-02
9.375000000000000000e+02,-7.625945045953384849e+00,1.810912222733212021e-02,-7.625945045953384849e+00,1.810912222733212021e-02,-7.625945045953384849e+00,1.810912222733212021e-02,-7.625945045953384849e+00,1.810912222733212021e-02,-7.625945045953384849e+00,1.810912222733212021e-02,-7.625945045953384849e+00,1.810912222733212021e-02,-7.625945045953384849e+00,1.810912222733212021e-02,-7.625945045953384849e+00,1.810912222733212021e-02,-7.625945045953384849e+00,1.810912222733212021e-02,-7.625945045953384849e+00,1.810912222733212021e-02,-7.625945045953384849e+00,1.810912222733212021e-02,-7.625945045953384849e+00,1.810912222733212021e-02,-7.625945045953384849e+00,1.810912222733212021e-02,-7.625945045953384849e+00,1.810912222733212021e-02,-7.625945045953384849e+00,1.810912222733212021e-02,-7.625945045953384849e+00,1.810912222733212021e-02,-7.625945045953384849e+00,1.810912222733212021e-02,-7.625945045953384849e+00,1.810912222733212021e-02,-7.625945045953384849e+00,1.810912222733212021e-02,-7.625945045953384849e+00,1.810912222733212021e-02,-7.625945045953384849e+00,1.810912222733212021e-02,-7.625945045953384849e+00,1.810912222733212021e-02,-7.625945045953384849e+00,1.810912222733212021e-02,-3.968257595266282856e+00,-2.285696495290593863e-02,-3.968257595266282856e+00,-2.285696495290593863e-02,-3.968257595266282856e+00,-2.285696495290593863e-02,-3.968257595266282856e+00,-2.285696495290593863e-02,-3.968257595266282856e+00,-2.285696495290593863e-02,-3.968257595266282856e+00,-2.285696495290593863e-02,-3.968257595266282856e+00,-2.285696495290593863e-02,-2.588279713709798813e+00,-3.432263019504920576e-02,-2.588279713709798813e+00,-3.432263019504920576e-02,-2.588279713709798813e+00,-3.432263019504920576e-02,-2.588279713709798813e+00,-3.432263019504920576e-02,-2.588279713709798813e+00,-3.432263019504920576e-02,-2.588279713709798813e+00,-3.432263019504920576e-02,-2.588279713709798813e+00,-3.432263019504920576e-02,-2.588279713709798813e+00,-3.432263019504920576e-02
1.031250000000000000e+03,-7.914661530186402949e+00,1.088721859249191237e-01,-7.914661530186402949e+00,1.088721859249191237e-01,-7.914661530186402949e+00,1.088721859249191237e-01,-7.914661530186402949e+00,1.088721859249191237e-01,-7.914661530186402949e+00,1.088721859249191237e-01,-7.914661530186402949e+00,1.088721859249191237e-01,-7.914661530186402949e+00,1.088721859249191237e-01,-7.914661530186402949e+00,1.088721859249191237e-01,-7.914661530186402949e+00,1.088721859249191237e-01,-7.914661530186402949e+00,1.088721859249191237e-01,-7.914661530186402949e+00,1.088721859249191237e-01,-7.914661530186402949e+00,1.088721859249191237e-01,-7.914661530186402949e+00,1.088721859249191237e-01,-7.914661530186402949e+00,1.088721859249191237e-01,-7.914661530186402949e+00,1.088721859249191237e-01,-7.914661530186402949e+00,1.088721859249191237e-01,-7.914661530186402949e+00,1.088721859249191237e-01,-7.914661530186402949e+00,1.088721859249191237e-01,-7.914661530186402949e+00,1.088721859249191237e-01,-7.914661530186402949e+00,1.088721859249191237e-01,-7.914661530186402949e+00,1.088721859249191237e-01,-7.914661530186402949e+00,1.088721859249191237e-01,-7.914661530186402949e+00,1.088721859249191237e-01,-4.059200975161741276e+00,8.853308936247432370e-02,-4.059200975161741276e+00,8.853308936247432370e-02,-4.059200975161741276e+00,8.853308936247432370e-02,-4.059200975161741276e+00,8.853308936247432370e-02,-4.059200975161741276e+00,8.853308936247432370e-02,-4.059200975161741276e+00,8.853308936247432370e-02,-4.059200975161741276e+00,8.853308936247432370e-02,-2.626626599385310179e+00,8.300121653514479225e-02,-2.626626599385310179e+00,8.300121653514479225e-02,-2.626626599385310179e+00,8.300121653514479225e-02,-2.626626599385310179e+00,8.300121653514479225e-02,-2.626626599385310179e+00,8.300121653514479225e-02,-2.626626599385310179e+00,8.300121653514479225e-02,-2.626626599385310179e+00,8.300121653514479225e-02,-2.626626599385310179e+00,8.300121653514479225e-02
1.125000000000000000e+03,-7.890686453216579466e+00,-6.326552157119705311e-02,-7.890686453216579466e+00,-6.326552157119705311e-02,-7.890686453216579466e+00,-6.326552157119705311e-02,-7.890686453216579466e+00,-6.326552157119705311e-02,-7.890686453216579466e+00,-6.326552157119705311e-02,-7.890686453216579466e+00,-6.326552157119705311e-02,-7.890686453216579466e+00,-6.326552157119705311e-02,-7.890686453216579466e+00,-6.326552157119705311e-02,-7.890686453216579466e+00,-6.326552157119705311e-02,-7.890686453216579466e+00,-6.326552157119705311e-02,-7.890686453216579466e+00,-6.326552157119705311e-02,-7.890686453216579466e+00,-6.326552157119705311e-02,-7.890686453216579466e+00,-6.326552157119705311e-02,-7.890686453216579466e+00,-6.326552157119705311e-02,-7.890686453216579466e+00,-6.326552157119705311e-02,-7.890686453216579466e+00,-6.326552157119705311e-02,-7.890686453216579466e+00,-6.326552157119705311e-02,-7.890686453216579466e+00,-6.326552157119705311e-02,-7.890686453216579466e+00,-6.326552157119705311e-02,-7.890686453216579466e+00,-6.326552157119705311e-02,-7.890686453216579466e+00,-6.326552157119705311e-02,-7.890686453216579466e+00,-6.326552157119705311e-02,-7.890686453216579466e+00,-6.326552157119705311e-02,-4.051792936473500362e+00,-3.974822245923547576e-02,-4.051792936473500362e+00,-3.974822245923547576e-02,-4.051792936473500362e+00,-3.974822245923547576e-02,-4.051792936473500362e+00,-3.974822245923547576e-02,-4.051792936473500362e+00,-3.974822245923547576e-02,-4.051792936473500362e+00,-3.974822245923547576e-02,-4.051792936473500362e+00,-3.974822245923547576e-02,-2.623518727842085063e+00,-3.333668766183221777e-02,-2.623518727842085063e+00,-3.333668766183221777e-02,-2.623518727842085063e+00,-3.333668766183221777e-02,-2.623518727842085063e+00,-3.333668766183221777e-02,-2.623518727842085063e+00,-3.333668766183221777e-02,-2.623518727842085063e+00,-3.333668766183221777e-02,-2.623518727842085063e+00,-3.333668766183221777e-02,-2.623518727842085063e+00,-3.333668766183221777e-02
1.218750000000000000e+03,-7.434249632394856810e+00,9.304382357527016603e-03,-7.434249632394856810e+00,9.304382357527016603e-03,-7.434249632394856810e+00,9.304382357527016603e-03,-7.434249632394856810e+00,9.304382357527016603e-03,-7.434249632394856810e+00,9.304382357527016603e-03,-7.434249632394856810e+00,9.304382357527016603e-03,-7.434249632394856810e+00,9.304382357527016603e-03,-7.434249632394856810e+00,9.304382357527016603e-03,-7.434249632394856810e+00,9.304382357527016603e-03,-7.434249632394856810e+00,9.304382357527016603e-03,-7.434249632394856810e+00,9.304382357527016603e-03,-7.434249632394856810e+00,9.304382357527016603e-03,-7.434249632394856810e+00,9.304382357527016603e-03,-7.434249632394856810e+00,9.304382357527016603e-03,-7.434249632394856810e+00,9.304382357527016603e-03,-7.434249632394856810e+00,9.304382357527016603e-03,-7.434249632394856810e+00,9.304382357527016603e-03,-7.434249632394856810e+00,9.304382357527016603e-03,-7.434249632394856810e+00,9.304382357527016603e-03,-7.434249632394856810e+00,9.304382357527016603e-03,-7.434249632394856810e+00,9.304382357527016603e-03,-7.434249632394856810e+00,9.304382357527016603e-03,-7.434249632394856810e+00,9.304382357527016603e-03,-3.905256068924544799e+00,5.175036054815494724e-02,-3.905256068924544799e+00,5.175036054815494724e-02,-3.905256068924544799e+00,5.175036054815494724e-02,-3.905256068924544799e+00,5.175036054815494724e-02,-3.905256068924544799e+00,5.175036054815494724e-02,-3.905256068924544799e+00,5.175036054815494724e-02,-3.905256068924544799e+00,5.175036054815494724e-02,-2.561404045200096569e+00,6.385758142151135019e-02,-2.561404045200096569e+00,6.385758142151135019e-02,-2.561404045200096569e+00,6.385758142151135019e-02,-2.561404045200096569e+00,6.385758142151135019e-02,-2.561404045200096569e+00,6.385758142151135019e-02,-2.561404045200096569e+00,6.385758142151135019e-02,-2.561404045200096569e+00,6.385758142151135019e-02,-2.561404045200096569e+00,6.385758142151135019e-02
1.312500000000000000e+03,-6.913419746039153324e+00,-2.469711020596187037e-02,-6.913419746039153324e+00,-2.469711020596187037e-02,-6.913419746039153324e+00,-2.469711020596187037e-02,-6.913419746039153324e+00,-2.469711020596187037e-02,-6.913419746039153324e+00,-2.469711020596187037e-02,-6.913419746039153324e+00,-2.469711020596187037e-02,-6.913419746039153324e+00,-2.469711020596187037e-02,-6.913419746039153324e+00,-2.469711020596187037e-02,-6.913419746039153324e+00,-2.469711020596187037e-02,-6.913419746039153324e+00,-2.469711020596187037e-02,-6.913419746039153324e+00,-2.469711020596187037e-02,-6.913419746039153324e+00,-2.469711020596187037e-02,-6.913419746039153324e+00,-2.469711020596187037e-02,-6.913419746039153324e+00,-2.469711020596187037e-02,-6.913419746039153324e+00,-2.469711020596187037e-02,-6.913419746039153324e+00,-2.469711020596187037e-02,-6.913419746039153324e+00,-2.469711020596187037e-02,-6.913419746039153324e+00,-2.469711020596187037e-02,-6.913419746039153324e+00,-2.469711020596187037e-02,-6.913419746039153324e+00,-2.469711020596187037e-02,-6.913419746039153324e+00,-2.469711020596187037e-02,-6.913419746039153324e+00,-2.469711020596187037e-02,-6.913419746039153324e+00,-2.469711020596187037e-02,-3.724984541876584121e+00,-9.773345518437101531e-03,-3.724984541876584121e+00,-9.773345518437101531e-03,-3.724984541876584121e+00,-9.773345518437101531e-03,-3.724984541876584121e+00,-9.773345518437101531e-03,-3.724984541876584121e+00,-9.773345518437101531e-03,-3.724984541876584121e+00,-9.773345518437101531e-03,-3.724984541876584121e+00,-9.773345518437101531e-03,-2.483324008284484297e+00,-5.292820134462379762e-03,-2.483324008284484297e+00,-5.292820134462379762e-03,-2.483324008284484297e+00,-5.292820134462379762e-03,-2.483324008284484297e+00,-5.292820134462379762e-03,-2.483324008284484297e+00,-5.292820134462379762e-03,-2.483324008284484297e+00,-5.292820134462379762e-03,-2.483324008284484297e+00,-5.292820134462379762e-03,-2.483324008284484297e+00,-5.292820134462379762e-03
1.406250000000000000e+03,-7.106110164185527545e+00,-4.930024450050131402e-02,-7.106110164185527545e+00,-4.930024450050131402e-02,-7.106110164185527545e+00,-4.930024450050131402e-02,-7.106110164185527545e+00,-4.930024450050131402e-02,-7.106110164185527545e+00,-4.930024450050131402e-02,-7.106110164185527545e+00,-4.930024450050131402e-02,-7.106110164185527545e+00,-4.930024450050131402e-02,-7.106110164185527545e+00,-4.930024450050131402e-02,-7.106110164185527545e+00,-4.930024450050131402e-02,-7.106110164185527545e+00,-4.930024450050131402e-02,-7.106110164185527545e+00,-4.930024450050131402e-02,-7.106110164185527545e+00,-4.930024450050131402e-02,-7.106110164185527545e+00,-4.930024450050131402e-02,-7.106110164185527545e+00,-4.930024450050131402e-02,-7.106110164185527545e+00,-4.930024450050131402e-02,-7.106110164185527545e+00,-4.930024450050131402e-02,-7.106110164185527545e+00,-4.930024450050131402e-02,-7.106110164185527545e+00,-4.930024450050131402e-02,-7.106110164185527545e+00,-4.930024450050131402e-02,-7.106110164185527545e+00,-4.930024450050131402e-02,-7.106110164185527545e+00,-4.930024450050131402e-02,-7.106110164185527545e+00,-4.930024450050131402e-02,-7.106110164185527545e+00,-4.930024450050131402e-02,-3.793544584339786141e+00,-8.467114927492591647e-02,-3.793544584339786141e+00,-8.467114927492591647e-02,-3.793544584339786141e+00,-8.467114927492591647e-02,-3.793544584339786141e+00,-8.467114927492591647e-02,-3.793544584339786141e+00,-8.467114927492591647e-02,-3.793544584339786141e+00,-8.467114927492591647e-02,-3.793544584339786141e+00,-8.467114927492591647e-02,-2.513262347055528867e+00,-9.509170981246124754e-02,-2.513262347055528867e+00,-9.509170981246124754e-02,-2.513262347055528867e+00,-9.509170981246124754e-02,-2.513262347055528867e+00,-9.509170981246124754e-02,-2.513262347055528867e+00,-9.509170981246124754e-02,-2.513262347055528867e+00,-9.509170981246124754e-02,-2.513262347055528867e+00,-9.509170981246124754e-02,-2.513262347055528867e+00,-9.509170981246124754e-02
1.500000000000000000e+03,-7.821963504459192862e+00,5.402604045299722740e-02,-7.821963504459192862e+00,5.402604045299722740e-02,-7.821963504459192862e+00,5.402604045299722740e-02,-7.821963504459192862e+00,5.402604045299722740e-02,-7.821963504459192862e+00,5.402604045299722740e-02,-7.821963504459192862e+00,5.402604045299722740e-02,-7.821963504459192862e+00,5.402604045299722740e-02,-7.821963504459192862e+00,5.402604045299722740e-02,-7.821963504459192862e+00,5.402604045299722740e-02,-7.821963504459192862e+00,5.402604045299722740e-02,-7.821963504459192862e+00,5.402604045299722740e-02,-7.821963504459192862e+00,5.402604045299722740e-02,-7.821963504459192862e+00,5.402604045299722740e-02,-7.821963504459192862e+00,5.402604045299722740e-02,-7.821963504459192862e+00,5.402604045299722740e-02,-7.821963504459192862e+00,5.402604045299722740e-02,-7.821963504459192862e+00,5.402604045299722740e-02,-7.821963504459192862e+00,5.402604045299722740e-02,-7.821963504459192862e+00,5.402604045299722740e-02,-7.821963504459192862e+00,5.402604045299722740e-02,-7.821963504459192862e+00,5.402604045299722740e-02,-7.821963504459192862e+00,5.402604045299722740e-02,-7.821963504459192862e+00,5.402604045299722740e-02,-4.030716959355052253e+00,2.141460938252580382e-02,-4.030716959355052253e+00,2.141460938252580382e-02,-4.030716959355052253e+00,2.141460938252580382e-02,-4.030716959355052253e+00,2.141460938252580382e-02,-4.030716959355052253e+00,2.141460938252580382e-02,-4.030716959355052253e+00,2.141460938252580382e-02,-4.030716959355052253e+00,2.141460938252580382e-02,-2.614697957611987533e+00,1.246291178645041881e-02,-2.614697957611987533e+00,1.246291178645041881e-02,-2.614697957611987533e+00,1.246291178645041881e-02,-2.614697957611987533e+00,1.246291178645041881e-02,-2.614697957611987533e+00,1.246291178645041881e-02,-2.614697957611987533e+00,1.246291178645041881e-02,-2.614697957611987533e+00,1.246291178645041881e-02,-2.614697957611987533e+00,1.246291178645041881e-02
1.593750000000000000e+03,-7.828612152848193340e+00,-3.921649700444106851e-02,-7.828612152848193340e+00,-3.921649700444106851e-02,-7.828612152848193340e+00,-3.921649700444106851e-02,-7.828612152848193340e+00,-3.921649700444106851e-02,-7.828612152848193340e+00,-3.921649700444106851e-02,-7.828612152848193340e+00,-3.921649700444106851e-02,-7.828612152848193340e+00,-3.921649700444106851e-02,-7.828612152848193340e+00,-3.921649700444106851e-02,-7.828612152848193340e+00,-3.921649700444106851e-02,-7.828612152848193340e+00,-3.921649700444106851e-02,-7.828612152848193340e+00,-3.921649700444106851e-02,-7.828612152848193340e+00,-3.921649700444106851e-02,-7.828612152848193340e+00,-3.921649700444106851e-02,-7.828612152848193340e+00,-3.921649700444106851e-02,-7.828612152848193340e+00,-3.921649700444106851e-02,-7.828612152848193340e+00,-3.921649700444106851e-02,-7.828612152848193340e+00,-3.921649700444106851e-02,-7.828612152848193340e+00,-3.921649700444106851e-02,-7.828612152848193340e+00,-3.921649700444106851e-02,-7.828612152848193340e+00,-3.921649700444106851e-02,-7.828612152848193340e+00,-3.921649700444106851e-02,-7.828612152848193340e+00,-3.921649700444106851e-02,-7.828612152848193340e+00,-3.921649700444106851e-02,-4.032905637013637801e+00,-6.288722192417723310e-03,-4.032905637013637801e+00,-6.288722192417723310e-03,-4.032905637013637801e+00,-6.288722192417723310e-03,-4.032905637013637801e+00,-6.288722192417723310e-03,-4.032905637013637801e+00,-6.288722192417723310e-03,-4.032905637013637801e+00,-6.288722192417723310e-03,-4.032905637013637801e+00,-6.288722192417723310e-03,-2.615632177776925804e+00,2.743836899862511260e-03,-2.615632177776925804e+00,2.743836899862511260e-03,-2.615632177776925804e+00,2.743836899862511260e-03,-2.615632177776925804e+00,2.743836899862511260e-03,-2.615632177776925804e+00,2.743836899862511260e-03,-2.615632177776925804e+00,2.743836899862511260e-03,-2.615632177776925804e+00,2.743836899862511260e-03,-2.615632177776925804e+00,2.743836899862511260e-03
1.687500000000000000e+03,-6.988770207953419522e+00,4.452607943995663675e-02,-6.988770207953419522e+00,4.452607943995663675e-02,-6.988770207953419522e+00,4.452607943995663675e-02,-6.988770207953419522e+00,4.452607943995663675e-02,-6.988770207953419522e+00,4.452607943995663675e-02,-6.988770207953419522e+00,4.452607943995663675e-02,-6.988770207953419522e+00,4.452607943995663675e-02,-6.988770207953419522e+00,4.452607943995663675e-02,-6.988770207953419522e+00,4.452607943995663675e-02,-6.988770207953419522e+00,4.452607943995663675e-02,-6.988770207953419522e+00,4.452607943995663675e-02,-6.988770207953419522e+00,4.452607943995663675e-02,-6.988770207953419522e+00,4.452607943995663675e-02,-6.988770207953419522e+00,4.452607943995663675e-02,-6.988770207953419522e+00,4.452607943995663675e-02,-6.988770207953419522e+00,4.452607943995663675e-02,-6.988770207953419522e+00,4.452607943995663675e-02,-6.988770207953419522e+00,4.452607943995663675e-02,-6.988770207953419522e+00,4.452607943995663675e-02,-6.988770207953419522e+00,4.452607943995663675e-02,-6.988770207953419522e+00,4.452607943995663675e-02,-6.988770207953419522e+00,4.452607943995663675e-02,-6.988770207953419522e+00,4.452607943995663675e-02,-3.752447223674954202e+00,7.377024382197301666e-02,-3.752447223674954202e+00,7.377024382197301666e-02,-3.752447223674954202e+00,7.377024382197301666e-02,-3.752447223674954202e+00,7.377024382197301666e-02,-3.752447223674954202e+00,7.377024382197301666e-02,-3.752447223674954202e+00,7.377024382197301666e-02,-3.752447223674954202e+00,7.377024382197301666e-02,-2.495400370093747711e+00,8.248558357651487871e-02,-2.495400370093747711e+00,8.248558357651487871e-02,-2.495400370093747711e+00,8.248558357651487871e-02,-2.495400370093747711e+00,8.248558357651487871e-02,-2.495400370093747711e+00,8.248558357651487871e-02,-2.495400370093747711e+00,8.248558357651487871e-02,-2.495400370093747711e+00,8.248558357651487871e-02,-2.495400370093747711e+00,8.248558357651487871e-02
1.781250000000000000e+03,-7.232498634447152241e+00,-6.997691426441110529e-02,-7.232498634447152241e+00,-6.997691426441110529e-02,-7.232498634447152241e+00,-6.997691426441110529e-02,-7.232498634447152241e+00,-6.997691426441110529e-02,-7.232498634447152241e+00,-6.997691426441110529e-02,-7.232498634447152241e+00,-6.997691426441110529e-02,-7.232498634447152241e+00,-6.997691426441110529e-02,-7.232498634447152241e+00,-6.997691426441110529e-02,-7.232498634447152241e+00,-6.997691426441110529e-02,-7.232498634447152241e+00,-6.997691426441110529e-02,-7.232498634447152241e+00,-6.997691426441110529e-02,-7.232498634447152241e+00,-6.997691426441110529e-02,-7.232498634447152241e+00,-6.997691426441110529e-02,-7.232498634447152241e+00,-6.997691426441110529e-02,-7.232498634447152241e+00,-6.997691426441110529e-02,-7.232498634447152241e+00,-6.997691426441110529e-02,-7.232498634447152241e+00,-6.997691426441110529e-02,-7.232498634447152241e+00,-6.997691426441110529e-02,-7.232498634447152241e+00,-6.997691426441110529e-02,-7.232498634447152241e+00,-6.997691426441110529e-02,-7.232498634447152241e+00,-6.997691426441110529e-02,-7.232498634447152241e+00,-6.997691426441110529e-02,-7.232498634447152241e+00,-6.997691426441110529e-02,-3.837235741791289456e+00,-1.100981675132376297e-01,-3.837235741791289456e+00,-1.100981675132376297e-01,-3.837235741791289456e+00,-1.100981675132376297e-01,-3.837235741791289456e+00,-1.100981675132376297e-01,-3.837235741791289456e+00,-1.100981675132376297e-01,-3.837235741791289456e+00,-1.100981675132376297e-01,-3.837235741791289456e+00,-1.100981675132376297e-01,-2.532175300397430551e+00,-1.217722207994482442e-01,-2.532175300397430551e+00,-1.217722207994482442e-01,-2.532175300397430551e+00,-1.217722207994482442e-01,-2.532175300397430551e+00,-1.217722207994482442e-01,-2.532175300397430551e+00,-1.217722207994482442e-01,-2.532175300397430551e+00,-1.217722207994482442e-01,-2.532175300397430551e+00,-1.217722207994482442e-01,-2.532175300397430551e+00,-1.217722207994482442e-01
1.875000000000000000e+03,-7.964171266423595519e+00,-2.167616807942298607e-01,-7.964171266423595519e+00,-2.167616807942298607e-01,-7.964171266423595519e+00,-2.167616807942298607e-01,-7.964171266423595519e+00,-2.167616807942298607e-01,-7.964171266423595519e+00,-2.167616807942298607e-01,-7.964171266423595519e+00,-2.167616807942298607e-01,-7.964171266423595519e+00,-2.167616807942298607e-01,-7.964171266423595519e+00,-2.167616807942298607e-01,-7.964171266423595519e+00,-2.167616807942298607e-01,-7.964171266423595519e+00,-2.167616807942298607e-01,-7.964171266423595519e+00,-2.167616807942298607e-01,-7.964171266423595519e+00,-2.167616807942298607e-01,-7.964171266423595519e+00,-2.167616807942298607e-01,-7.964171266423595519e+00,-2.167616807942298607e-01,-7.964171266423595519e+00,-2.167616807942298607e-01,-7.964171266423595519e+00,-2.167616807942298607e-01,-7.964171266423595519e+00,-2.167616807942298607e-01,-7.964171266423595519e+00,-2.167616807942298607e-01,-7.964171266423595519e+00,-2.167616807942298607e-01,-7.964171266423595519e+00,-2.167616807942298607e-01,-7.964171266423595519e+00,-2.167616807942298607e-01,-7.964171266423595519e+00,-2.167616807942298607e-01,-7.964171266423595519e+00,-2.167616807942298607e-01,-4.074327023845769169e+00,-2.089230251957922280e-01,-4.074327023845769169e+00,-2.089230251957922280e-01,-4.074327023845769169e+00,-2.089230251957922280e-01,-4.074327023845769169e+00,-2.089230251957922280e-01,-4.074327023845769169e+00,-2.089230251957922280e-01,-4.074327023845769169e+00,-2.089230251957922280e-01,-4.074327023845769169e+00,-2.089230251957922280e-01,-2.632952936033723379e+00,-2.068015080322388455e-01,-2.632952936033723379e+00,-2.068015080322388455e-01,-2.632952936033723379e+00,-2.068015080322388455e-01,-2.632952936033723379e+00,-2.068015080322388455e-01,-2.632952936033723379e+00,-2.068015080322388455e-01,-2.632952936033723379e+00,-2.068015080322388455e-01,-2.632952936033723379e+00,-2.068015080322388455e-01,-2.632952936033723379e+00,-2.068015080322388455e-01
1.968750000000000000e+03,-7.157231571257413272e+00,5.245986123790156996e-02,-7.157231571257413272e+00,5.245986123790156996e-02,-7.157231571257413272e+00,5.245986123790156996e-02,-7.157231571257413272e+00,5.245986123790156996e-02,-7.157231571257413272e+00,5.245986123790156996e-02,-7.157231571257413272e+00,5.245986123790156996e-02,-7.157231571257413272e+00,5.245986123790156996e-02,-7.157231571257413272e+00,5.245986123790156996e-02,-7.157231571257413272e+00,5.245986123790156996e-02,-7.157231571257413272e+00,5.245986123790156996e-02,-7.157231571257413272e+00,5.245986123790156996e-02,-7.157231571257413272e+00,5.245986123790156996e-02,-7.157231571257413272e+00,5.245986123790156996e-02,-7.157231571257413272e+00,5.245986123790156996e-02,-7.157231571257413272e+00,5.245986123790156996e-02,-7.157231571257413272e+00,5.245986123790156996e-02,-7.157231571257413272e+00,5.245986123790156996e-02,-7.157231571257413272e+00,5.245986123790156996e-02,-7.157231571257413272e+00,5.245986123790156996e-02,-7.157231571257413272e+00,5.245986123790156996e-02,-7.157231571257413272e+00,5.245986123790156996e-02,-7.157231571257413272e+00,5.245986123790156996e-02,-7.157231571257413272e+00,5.245986123790156996e-02,-3.811243400824168681e+00,8.967075563872207999e-02,-3.811243400824168681e+00,8.967075563872207999e-02,-3.811243400824168681e+00,8.967075563872207999e-02,-3.811243400824168681e+00,8.967075563872207999e-02,-3.811243400824168681e+00,8.967075563872207999e-02,-3.811243400824168681e+00,8.967075563872207999e-02,-3.811243400824168681e+00,8.967075563872207999e-02,-2.520927656016715979e+00,1.005784585414223747e-01,-2.520927656016715979e+00,1.005784585414223747e-01,-2.520927656016715979e+00,1.005784585414223747e-01,-2.520927656016715979e+00,1.005784585414223747e-01,-2.520927656016715979e+00,1.005784585414223747e-01,-2.520927656016715979e+00,1.005784585414223747e-01,-2.520927656016715979e+00,1.005784585414223747e-01,-2.520927656016715979e+00,1.005784585414223747e-01
2.062500000000000000e+03,-7.145635456199585178e+00,1.437387545508760078e-01,-7.145635456199585178e+00,1.437387545508760078e-01,-7.145635456199585178e+00,1.437387545508760078e-01,-7.145635456199585178e+00,1.437387545508760078e-01,-7.145635456199585178e+00,1.437387545508760078e-01,-7.145635456199585178e+00,1.437387545508760078e-01,-7.145635456199585178e+00,1.437387545508760078e-01,-7.145635456199585178e+00,1.437387545508760078e-01,-7.145635456199585178e+00,1.437387545508760078e-01,-7.145635456199585178e+00,1.437387545508760078e-01,-7.145635456199585178e+00,1.437387545508760078e-01,-7.145635456199585178e+00,1.437387545508760078e-01,-7.145635456199585178e+00,1.437387545508760078e-01,-7.145635456199585178e+00,1.437387545508760078e-01,-7.145635456199585178e+00,1.437387545508760078e-01,-7.145635456199585178e+00,1.437387545508760078e-01,-7.145635456199585178e+00,1.437387545508760078e-01,-7.145635456199585178e+00,1.437387545508760078e-01,-7.145635456199585178e+00,1.437387545508760078e-01,-7.145635456199585178e+00,1.437387545508760078e-01,-7.145635456199585178e+00,1.437387545508760078e-01,-7.145635456199585178e+00,1.437387545508760078e-01,-7.145635456199585178e+00,1.437387545508760078e-01,-3.807524528862656688e+00,1.052209465366984592e-01,-3.807524528862656688e+00,1.052209465366984592e-01,-3.807524528862656688e+00,1.052209465366984592e-01,-3.807524528862656688e+00,1.052209465366984592e-01,-3.807524528862656688e+00,1.052209465366984592e-01,-3.807524528862656688e+00,1.052209465366984592e-01,-3.807524528862656688e+00,1.052209465366984592e-01,-2.519353891783617350e+00,9.391727978492180051e-02,-2.519353891783617350e+00,9.391727978492180051e-02,-2.519353891783617350e+00,9.391727978492180051e-02,-2.519353891783617350e+00,9.391727978492180051e-02,-2.519353891783617350e+00,9.391727978492180051e-02,-2.519353891783617350e+00,9.391727978492180051e-02,-2.519353891783617350e+00,9.391727978492180051e-02,-2.519353891783617350e+00,9.391727978492180051e-02
2.156250000000000000e+03,-7.916172028861985233e+00,-1.851778861258641107e-01,-7.916172028861985233e+00,-1.851778861258641107e-01,-7.916172028861985233e+00,-1.851778861258641107e-01,-7.916172028861985233e+00,-1.851778861258641107e-01,-7.916172028861985233e+00,-1.851778861258641107e-01,-7.916172028861985233e+00,-1.851778861258641107e-01,-7.916172028861985233e+00,-1.851778861258641107e-01,-7.916172028861985233e+00,-1.851778861258641107e-01,-7.916172028861985233e+00,-1.851778861258641107e-01,-7.916172028861985233e+00,-1.851778861258641107e-01,-7.916172028861985233e+00,-1.851778861258641107e-01,-7.916172028861985233e+00,-1.851778861258641107e-01,-7.916172028861985233e+00,-1.851778861258641107e-01,-7.916172028861985233e+00,-1.851778861258641107e-01,-7.916172028861985233e+00,-1.851778861258641107e-01,-7.916172028861985233e+00,-1.851778861258641107e-01,-7.916172028861985233e+00,-1.851778861258641107e-01,-7.916172028861985233e+00,-1.851778861258641107e-01,-7.916172028861985233e+00,-1.851778861258641107e-01,-7.916172028861985233e+00,-1.851778861258641107e-01,-7.916172028861985233e+00,-1.851778861258641107e-01,-7.916172028861985233e+00,-1.851778861258641107e-01,-7.916172028861985233e+00,-1.851778861258641107e-01,-4.059844739688868387e+00,-1.630091306289417619e-01,-4.059844739688868387e+00,-1.630091306289417619e-01,-4.059844739688868387e+00,-1.630091306289417619e-01,-4.059844739688868387e+00,-1.630091306289417619e-01,-4.059844739688868387e+00,-1.630091306289417619e-01,-4.059844739688868387e+00,-1.630091306289417619e-01,-4.059844739688868387e+00,-1.630091306289417619e-01,-2.626917877889307640e+00,-1.569805417541232095e-01,-2.626917877889307640e+00,-1.569805417541232095e-01,-2.626917877889307640e+00,-1.569805417541232095e-01,-2.626917877889307640e+00,-1.569805417541232095e-01,-2.626917877889307640e+00,-1.569805417541232095e-01,-2.626917877889307640e+00,-1.569805417541232095e-01,-2.626917877889307640e+00,-1.569805417541232095e-01,-2.626917877889307640e+00,-1.569805417541232095e-01
2.250000000000000000e+03,-6.894501656986839144e+00,-6.443478810306633303e-03,-6.894501656986839144e+00,-6.443478810306633303e-03,-6.894501656986839144e+00,-6.443478810306633303e-03,-6.894501656986839144e+00,-6.443478810306633303e-03,-6.894501656986839144e+00,-6.443478810306633303e-03,-6.894501656986839144e+00,-6.443478810306633303e-03,-6.894501656986839144e+00,-6.443478810306633303e-03,-6.894501656986839144e+00,-6.443478810306633303e-03,-6.894501656986839144e+00,-6.443478810306633303e-03,-6.894501656986839144e+00,-6.443478810306633303e-03,-6.894501656986839144e+00,-6.443478810306633303e-03,-6.894501656986839144e+00,-6.443478810306633303e-03,-6.894501656986839144e+00,-6.443478810306633303e-03,-6.894501656986839144e+00,-6.443478810306633303e-03,-6.894501656986839144e+00,-6.443478810306633303e-03,-6.894501656986839144e+00,-6.443478810306633303e-03,-6.894501656986839144e+00,-6.443478810306633303e-03,-6.894501656986839144e+00,-6.443478810306633303e-03,-6.894501656986839144e+00,-6.443478810306633303e-03,-6.894501656986839144e+00,-6.443478810306633303e-03,-6.894501656986839144e+00,-6.443478810306633303e-03,-6.894501656986839144e+00,-6.443478810306633303e-03,-6.894501656986839144e+00,-6.443478810306633303e-03,-3.718128791168935354e+00,3.185667504920105392e-03,-3.718128791168935354e+00,3.185667504920105392e-03,-3.718128791168935354e+00,3.185667504920105392e-03,-3.718128791168935354e+00,3.185667504920105392e-03,-3.718128791168935354e+00,3.185667504920105392e-03,-3.718128791168935354e+00,3.185667504920105392e-03,-3.718128791168935354e+00,3.185667504920105392e-03,-2.480313297650361459e+00,6.081958994052066511e-03,-2.480313297650361459e+00,6.081958994052066511e-03,-2.480313297650361459e+00,6.081958994052066511e-03,-2.480313297650361459e+00,6.081958994052066511e-03,-2.480313297650361459e+00,6.081958994052066511e-03,-2.480313297650361459e+00,6.081958994052066511e-03,-2.480313297650361459e+00,6.081958994052066511e-03,-2.480313297650361459e+00,6.081958994052066511e-03
2.343750000000000000e+03,-7.809265720888656226e+00,1.279044259696267560e-01,-7.809265720888656226e+00,1.279044259696267560e-01,-7.809265720888656226e+00,1.279044259696267560e-01,-7.809265720888656226e+00,1.279044259696267560e-01,-7.809265720888656226e+00,1.279044259696267560e-01,-7.809265720888656226e+00,1.279044259696267560e-01,-7.809265720888656226e+00,1.279044259696267560e-01,-7.809265720888656226e+00,1.279044259696267560e-01,-7.809265720888656226e+00,1.279044259696267560e-01,-7.809265720888656226e+00,1.279044259696267560e-01,-7.809265720888656226e+00,1.279044259696267560e-01,-7.809265720888656226e+00,1.279044259696267560e-01,-7.809265720888656226e+00,1.279044259696267560e-01,-7.809265720888656226e+00,1.279044259696267560e-01,-7.809265720888656226e+00,1.279044259696267560e-01,-7.809265720888656226e+00,1.279044259696267560e-01,-7.809265720888656226e+00,1.279044259696267560e-01,-7.809265720888656226e+00,1.279044259696267560e-01,-7.809265720888656226e+00,1.279044259696267560e-01,-7.809265720888656226e+00,1.279044259696267560e-01,-7.809265720888656226e+00,1.279044259696267560e-01,-7.809265720888656226e+00,1.279044259696267560e-01,-7.809265720888656226e+00,1.279044259696267560e-01,-4.027064349187115866e+00,9.213328776927678931e-02,-4.027064349187115866e+00,9.213328776927678931e-02,-4.027064349187115866e+00,9.213328776927678931e-02,-4.027064349187115866e+00,9.213328776927678931e-02,-4.027064349187115866e+00,9.213328776927678931e-02,-4.027064349187115866e+00,9.213328776927678931e-02,-4.027064349187115866e+00,9.213328776927678931e-02,-2.613199362140421034e+00,8.230192279002804256e-02,-2.613199362140421034e+00,8.230192279002804256e-02,-2.613199362140421034e+00,8.230192279002804256e-02,-2.613199362140421034e+00,8.230192279002804256e-02,-2.613199362140421034e+00,8.230192279002804256e-02,-2.613199362140421034e+00,8.230192279002804256e-02,-2.613199362140421034e+00,8.230192279002804256e-02,-2.613199362140421034e+00,8.230192279002804256e-02
2.437500000000000000e+03,-7.106623735148688503e+00,-2.839477477230651914e-01,-7.106623735148688503e+00,-2.839477477230651914e-01,-7.106623735148688503e+00,-2.839477477230651914e-01,-7.106623735148688503e+00,-2.839477477230651914e-01,-7.106623735148688503e+00,-2.839477477230651914e-01,-7.106623735148688503e+00,-2.839477477230651914e-01,-7.106623735148688503e+00,-2.839477477230651914e-01,-7.106623735148688503e+00,-2.839477477230651914e-01,-7.106623735148688503e+00,-2.839477477230651914e-01,-7.106623735148688503e+00,-2.839477477230651914e-01,-7.106623735148688503e+00,-2.839477477230651914e-01,-7.106623735148688503e+00,-2.839477477230651914e-01,-7.106623735148688503e+00,-2.839477477230651914e-01,-7.106623735148688503e+00,-2.839477477230651914e-01,-7.106623735148688503e+00,-2.839477477230651914e-01,-7.106623735148688503e+00,-2.839477477230651914e-01,-7.106623735148688503e+00,-2.839477477230651914e-01,-7.106623735148688503e+00,-2.839477477230651914e-01,-7.106623735148688503e+00,-2.839477477230651914e-01,-7.106623735148688503e+00,-2.839477477230651914e-01,-7.106623735148688503e+00,-2.839477477230651914e-01,-7.106623735148688503e+00,-2.839477477230651914e-01,-7.106623735148688503e+00,-2.839477477230651914e-01,-3.793469512911001207e+00,-2.501849887226973990e-01,-3.793469512911001207e+00,-2.501849887226973990e-01,-3.793469512911001207e+00,-2.501849887226973990e-01,-3.793469512911001207e+00,-2.501849887226973990e-01,-3.793469512911001207e+00,-2.501849887226973990e-01,-3.793469512911001207e+00,-2.501849887226973990e-01,-3.793469512911001207e+00,-2.501849887226973990e-01,-2.513198124206000195e+00,-2.402386945529569051e-01,-2.513198124206000195e+00,-2.402386945529569051e-01,-2.513198124206000195e+00,-2.402386945529569051e-01,-2.513198124206000195e+00,-2.402386945529569051e-01,-2.513198124206000195e+00,-2.402386945529569051e-01,-2.513198124206000195e+00,-2.402386945529569051e-01,-2.513198124206000195e+00,-2.402386945529569051e-01,-2.513198124206000195e+00,-2.402386945529569051e-01
2.531250000000000000e+03,-7.464948659933997810e+00,1.101108369742482967e-01,-7.464948659933997810e+00,1.101108369742482967e-01,-7.464948659933997810e+00,1.101108369742482967e-01,-7.464948659933997810e+00,1.101108369742482967e-01,-7.464948659933997810e+00,1.101108369742482967e-01,-7.464948659933997810e+00,1.101108369742482967e-01,-7.464948659933997810e+00,1.101108369742482967e-01,-7.464948659933997810e+00,1.101108369742482967e-01,-7.464948659933997810e+00,1.101108369742482967e-01,-7.464948659933997810e+00,1.101108369742482967e-01,-7.464948659933997810e+00,1.101108369742482967e-01,-7.464948659933997810e+00,1.101108369742482967e-01,-7.464948659933997810e+00,1.101108369742482967e-01,-7.464948659933997810e+00,1.101108369742482967e-01,-7.464948659933997810e+00,1.101108369742482967e-01,-7.464948659933997810e+00,1.101108369742482967e-01,-7.464948659933997810e+00,1.101108369742482967e-01,-7.464948659933997810e+00,1.101108369742482967e-01,-7.464948659933997810e+00,1.101108369742482967e-01,-7.464948659933997810e+00,1.101108369742482967e-01,-7.464948659933997810e+00,1.101108369742482967e-01,-7.464948659933997810e+00,1.101108369742482967e-01,-7.464948659933997810e+00,1.101108369742482967e-01,-3.915433680950338946e+00,6.775516493293322340e-02,-3.915433680950338946e+00,6.775516493293322340e-02,-3.915433680950338946e+00,6.775516493293322340e-02,-3.915433680950338946e+00,6.775516493293322340e-02,-3.915433680950338946e+00,6.775516493293322340e-02,-3.915433680950338946e+00,6.775516493293322340e-02,-3.915433680950338946e+00,6.775516493293322340e-02,-2.565756259931232908e+00,5.571028152537221140e-02,-2.565756259931232908e+00,5.571028152537221140e-02,-2.565756259931232908e+00,5.571028152537221140e-02,-2.565756259931232908e+00,5.571028152537221140e-02,-2.565756259931232908e+00,5.571028152537221140e-02,-2.565756259931232908e+00,5.571028152537221140e-02,-2.565756259931232908e+00,5.571028152537221140e-02,-2.565756259931232908e+00,5.571028152537221140e-02
2.625000000000000000e+03,-7.381537597731718137e+00,-9.925875071362495750e-02,-7.381537597731718137e+00,-9.925875071362495750e-02,-7.381537597731718137e+00,-9.925875071362495750e-02,-7.381537597731718137e+00,-9.925875071362495750e-02,-7.381537597731718137e+00,-9.925875071362495750e-02,-7.381537597731718137e+00,-9.925875071362495750e-02,-7.381537597731718137e+00,-9.925875071362495750e-02,-7.381537597731718137e+00,-9.925875071362495750e-02,-7.381537597731718137e+00,-9.925875071362495750e-02,-7.381537597731718137e+00,-9.925875071362495750e-02,-7.381537597731718137e+00,-9.925875071362495750e-02,-7.381537597731718137e+00,-9.925875071362495750e-02,-7.381537597731718137e+00,-9.925875071362495750e-02,-7.381537597731718137e+00,-9.925875071362495750e-02,-7.381537597731718137e+00,-9.925875071362495750e-02,-7.381537597731718137e+00,-9.925875071362495750e-02,-7.381537597731718137e+00,-9.925875071362495750e-02,-7.381537597731718137e+00,-9.925875071362495750e-02,-7.381537597731718137e+00,-9.925875071362495750e-02,-7.381537597731718137e+00,-9.925875071362495750e-02,-7.381537597731718137e+00,-9.925875071362495750e-02,-7.381537597731718137e+00,-9.925875071362495750e-02,-7.381537597731718137e+00,-9.925875071362495750e-02,-3.888443012264932719e+00,-5.295247415913683503e-02,-3.888443012264932719e+00,-5.295247415913683503e-02,-3.888443012264932719e+00,-5.295247415913683503e-02,-3.888443012264932719e+00,-5.295247415913683503e-02,-3.888443012264932719e+00,-5.295247415913683503e-02,-3.888443012264932719e+00,-5.295247415913683503e-02,-3.888443012264932719e+00,-5.295247415913683503e-02,-2.554296679093337463e+00,-3.967530890209532840e-02,-2.554296679093337463e+00,-3.967530890209532840e-02,-2.554296679093337463e+00,-3.967530890209532840e-02,-2.554296679093337463e+00,-3.967530890209532840e-02,-2.554296679093337463e+00,-3.967530890209532840e-02,-2.554296679093337463e+00,-3.967530890209532840e-02,-2.554296679093337463e+00,-3.967530890209532840e-02,-2.554296679093337463e+00,-3.967530890209532840e-02
2.718750000000000000e+03,-7.481621164231202492e+00,-1.178267438221237279e-01,-7.481621164231202492e+00,-1.178267438221237279e-01,-7.481621164231202492e+00,-1.178267438221237279e-01,-7.481621164231202492e+00,-1.178267438221237279e-01,-7.481621164231202492e+00,-1.178267438221237279e-01,-7.481621164231202492e+00,-1.178267438221237279e-01,-7.481621164231202492e+00,-1.178267438221237279e-01,-7.481621164231202492e+00,-1.178267438221237279e-01,-7.481621164231202492e+00,-1.178267438221237279e-01,-7.481621164231202492e+00,-1.178267438221237279e-01,-7.481621164231202492e+00,-1.178267438221237279e-01,-7.481621164231202492e+00,-1.178267438221237279e-01,-7.481621164231202492e+00,-1.178267438221237279e-01,-7.481621164231202492e+00,-1.178267438221237279e-01,-7.481621164231202492e+00,-1.178267438221237279e-01,-7.481621164231202492e+00,-1.178267438221237279e-01,-7.481621164231202492e+00,-1.178267438221237279e-01,-7.481621164231202492e+00,-1.178267438221237279e-01,-7.481621164231202492e+00,-1.178267438221237279e-01,-7.481621164231202492e+00,-1.178267438221237279e-01,-7.481621164231202492e+00,-1.178267438221237279e-01,-7.481621164231202492e+00,-1.178267438221237279e-01,-7.481621164231202492e+00,-1.178267438221237279e-01,-3.920843049021181415e+00,-1.595367251589150659e-01,-3.920843049021181415e+00,-1.595367251589150659e-01,-3.920843049021181415e+00,-1.595367251589150659e-01,-3.920843049021181415e+00,-1.595367251589150659e-01,-3.920843049021181415e+00,-1.595367251589150659e-01,-3.920843049021181415e+00,-1.595367251589150659e-01,-3.920843049021181415e+00,-1.595367251589150659e-01,-2.568055104442800385e+00,-1.713784758716213052e-01,-2.568055104442800385e+00,-1.713784758716213052e-01,-2.568055104442800385e+00,-1.713784758716213052e-01,-2.568055104442800385e+00,-1.713784758716213052e-01,-2.568055104442800385e+00,-1.713784758716213052e-01,-2.568055104442800385e+00,-1.713784758716213052e-01,-2.568055104442800385e+00,-1.713784758716213052e-01,-2.568055104442800385e+00,-1.713784758716213052e-01
2.812500000000000000e+03,-7.430321462404117838e+00,1.778306632945319266e-01,-7.430321462404117838e+00,1.778306632945319266e-01,-7.430321462404117838e+00,1.778306632945319266e-01,-7.430321462404117838e+00,1.778306632945319266e-01,-7.430321462404117838e+00,1.778306632945319266e-01,-7.430321462404117838e+00,1.778306632945319266e-01,-7.430321462404117838e+00,1.778306632945319266e-01,-7.430321462404117838e+00,1.778306632945319266e-01,-7.430321462404117838e+00,1.778306632945319266e-01,-7.430321462404117838e+00,1.778306632945319266e-01,-7.430321462404117838e+00,1.778306632945319266e-01,-7.430321462404117838e+00,1.778306632945319266e-01,-7.430321462404117838e+00,1.778306632945319266e-01,-7.430321462404117838e+00,1.778306632945319266e-01,-7.430321462404117838e+00,1.778306632945319266e-01,-7.430321462404117838e+00,1.778306632945319266e-01,-7.430321462404117838e+00,1.778306632945319266e-01,-7.430321462404117838e+00,1.778306632945319266e-01,-7.430321462404117838e+00,1.778306632945319266e-01,-7.430321462404117838e+00,1.778306632945319266e-01,-7.430321462404117838e+00,1.778306632945319266e-01,-7.430321462404117838e+00,1.778306632945319266e-01,-7.430321462404117838e+00,1.778306632945319266e-01,-3.904091479105402218e+00,2.210389183608035824e-01,-3.904091479105402218e+00,2.210389183608035824e-01,-3.904091479105402218e+00,2.210389183608035824e-01,-3.904091479105402218e+00,2.210389183608035824e-01,-3.904091479105402218e+00,2.210389183608035824e-01,-3.904091479105402218e+00,2.210389183608035824e-01,-3.904091479105402218e+00,2.210389183608035824e-01,-2.560922959428143741e+00,2.333683389403965192e-01,-2.560922959428143741e+00,2.333683389403965192e-01,-2.560922959428143741e+00,2.333683389403965192e-01,-2.560922959428143741e+00,2.333683389403965192e-01,-2.560922959428143741e+00,2.333683389403965192e-01,-2.560922959428143741e+00,2.333683389403965192e-01,-2.560922959428143741e+00,2.333683389403965192e-01,-2.560922959428143741e+00,2.333683389403965192e-01
2.906250000000000000e+03,-7.695832895135847451e+00,-1.175946355562437068e-01,-7.695832895135847451e+00,-1.175946355562437068e-01,-7.695832895135847451e+00,-1.175946355562437068e-01,-7.695832895135847451e+00,-1.175946355562437068e-01,-7.695832895135847451e+00,-1.175946355562437068e-01,-7.695832895135847451e+00,-1.175946355562437068e-01,-7.695832895135847451e+00,-1.175946355562437068e-01,-7.695832895135847451e+00,-1.175946355562437068e-01,-7.695832895135847451e+00,-1.175946355562437068e-01,-7.695832895135847451e+00,-1.175946355562437068e-01,-7.695832895135847451e+00,-1.175946355562437068e-01,-7.695832895135847451e+00,-1.175946355562437068e-01,-7.695832895135847451e+00,-1.175946355562437068e-01,-7.695832895135847451e+00,-1.175946355562437068e-01,-7.695832895135847451e+00,-1.175946355562437068e-01,-7.695832895135847451e+00,-1.175946355562437068e-01,-7.695832895135847451e+00,-1.175946355562437068e-01,-7.695832895135847451e+00,-1.175946355562437068e-01,-7.695832895135847451e+00,-1.175946355562437068e-01,-7.695832895135847451e+00,-1.175946355562437068e-01,-7.695832895135847451e+00,-1.175946355562437068e-01,-7.695832895135847451e+00,-1.175946355562437068e-01,-7.695832895135847451e+00,-1.175946355562437068e-01,-3.990997133734017766e+00,-1.580053886866436552e-01,-3.990997133734017766e+00,-1.580053886866436552e-01,-3.990997133734017766e+00,-1.580053886866436552e-01,-3.990997133734017766e+00,-1.580053886866436552e-01,-3.990997133734017766e+00,-1.580053886866436552e-01,-3.990997133734017766e+00,-1.580053886866436552e-01,-3.990997133734017766e+00,-1.580053886866436552e-01,-2.597953351118442278e+00,-1.692375645456934696e-01,-2.597953351118442278e+00,-1.692375645456934696e-01,-2.597953351118442278e+00,-1.692375645456934696e-01,-2.597953351118442278e+00,-1.692375645456934696e-01,-2.597953351118442278e+00,-1.692375645456934696e-01,-2.597953351118442278e+00,-1.692375645456934696e-01,-2.597953351118442278e+00,-1.692375645456934696e-01,-2.597953351118442278e+00,-1.692375645456934696e-01
3.000000000000000000e+03,-7.027055517958359587e+00,-2.987814864677740614e-02,-7.027055517958359587e+00,-2.987814864677740614e-02,-7.027055517958359587e+00,-2.987814864677740614e-02,-7.027055517958359587e+00,-2.987814864677740614e-02,-7.027055517958359587e+00,-2.987814864677740614e-02,-7.027055517958359587e+00,-2.987814864677740614e-02,-7.027055517958359587e+00,-2.987814864677740614e-02,-7.027055517958359587e+00,-2.987814864677740614e-02,-7.027055517958359587e+00,-2.987814864677740614e-02,-7.027055517958359587e+00,-2.987814864677740614e-02,-7.027055517958359587e+00,-2.987814864677740614e-02,-7.027055517958359587e+00,-2.987814864677740614e-02,-7.027055517958359587e+00,-2.987814864677740614e-02,-7.027055517958359587e+00,-2.987814864677740614e-02,-7.027055517958359587e+00,-2.987814864677740614e-02,-7.027055517958359587e+00,-2.987814864677740614e-02,-7.027055517958359587e+00,-2.987814864677740614e-02,-7.027055517958359587e+00,-2.987814864677740614e-02,-7.027055517958359587e+00,-2.987814864677740614e-02,-7.027055517958359587e+00,-2.987814864677740614e-02,-7.027055517958359587e+00,-2.987814864677740614e-02,-7.027055517958359587e+00,-2.987814864677740614e-02,-7.027055517958359587e+00,-2.987814864677740614e-02,-3.765499133123255238e+00,-1.440933263787087804e-03,-3.765499133123255238e+00,-1.440933263787087804e-03,-3.765499133123255238e+00,-1.440933263787087804e-03,-3.765499133123255238e+00,-1.440933263787087804e-03,-3.765499133123255238e+00,-1.440933263787087804e-03,-3.765499133123255238e+00,-1.440933263787087804e-03,-3.765499133123255238e+00,-1.440933263787087804e-03,-2.501028638198309118e+00,7.002174882588525599e-03,-2.501028638198309118e+00,7.002174882588525599e-03,-2.501028638198309118e+00,7.002174882588525599e-03,-2.501028638198309118e+00,7.002174882588525599e-03,-2.501028638198309118e+00,7.002174882588525599e-03,-2.501028638198309118e+00,7.002174882588525599e-03,-2.501028638198309118e+00,7.002174882588525599e-03,-2.501028638198309118e+00,7.002174882588525599e-03
3.093750000000000000e+03,-8.008051765023392221e+00,-4.751486681621724939e-02,-8.008051765023392221e+00,-4.751486681621724939e-02,-8.008051765023392221e+00,-4.751486681621724939e-02,-8.008051765023392221e+00,-4.751486681621724939e-02,-8.008051765023392221e+00,-4.751486681621724939e-02,-8.008051765023392221e+00,-4.751486681621724939e-02,-8.008051765023392221e+00,-4.751486681621724939e-02,-8.008051765023392221e+00,-4.751486681621724939e-02,-8.008051765023392221e+00,-4.751486681621724939e-02,-8.008051765023392221e+00,-4.751486681621724939e-02,-8.008051765023392221e+00,-4.751486681621724939e-02,-8.008051765023392221e+00,-4.751486681621724939e-02,-8.008051765023392221e+00,-4.751486681621724939e-02,-8.008051765023392221e+00,-4.751486681621724939e-02,-8.008051765023392221e+00,-4.751486681621724939e-02,-8.008051765023392221e+00,-4.751486681621724939e-02,-8.008051765023392221e+00,-4.751486681621724939e-02,-8.008051765023392221e+00,-4.751486681621724939e-02,-8.008051765023392221e+00,-4.751486681621724939e-02,-8.008051765023392221e+00,-4.751486681621724939e-02,-8.008051765023392221e+00,-4.751486681621724939e-02,-8.008051765023392221e+00,-4.751486681621724939e-02,-8.008051765023392221e+00,-4.751486681621724939e-02,-4.088398321272502578e+00,-5.746427067464718319e-02,-4.088398321272502578e+00,-5.746427067464718319e-02,-4.088398321272502578e+00,-5.746427067464718319e-02,-4.088398321272502578e+00,-5.746427067464718319e-02,-4.088398321272502578e+00,-5.746427067464718319e-02,-4.088398321272502578e+00,-5.746427067464718319e-02,-4.088398321272502578e+00,-5.746427067464718319e-02,-2.638918532581684406e+00,-6.014531353928712076e-02,-2.638918532581684406e+00,-6.014531353928712076e-02,-2.638918532581684406e+00,-6.014531353928712076e-02,-2.638918532581684406e+00,-6.014531353928712076e-02,-2.638918532581684406e+00,-6.014531353928712076e-02,-2.638918532581684406e+00,-6.014531353928712076e-02,-2.638918532581684406e+00,-6.014531353928712076e-02,-2.638918532581684406e+00,-6.014531353928712076e-02
3.187500000000000000e+03,-6.905713166286954419e+00,1.522511999632255864e-01,-6.905713166286954419e+00,1.522511999632255864e-01,-6.905713166286954419e+00,1.522511999632255864e-01,-6.905713166286954419e+00,1.522511999632255864e-01,-6.905713166286954419e+00,1.522511999632255864e-01,-6.905713166286954419e+00,1.522511999632255864e-01,-6.905713166286954419e+00,1.522511999632255864e-01,-6.905713166286954419e+00,1.522511999632255864e-01,-6.905713166286954419e+00,1.522511999632255864e-01,-6.905713166286954419e+00,1.522511999632255864e-01,-6.905713166286954419e+00,1.522511999632255864e-01,-6.905713166286954419e+00,1.522511999632255864e-01,-6.905713166286954419e+00,1.522511999632255864e-01,-6.905713166286954419e+00,1.522511999632255864e-01,-6.905713166286954419e+00,1.522511999632255864e-01,-6.905713166286954419e+00,1.522511999632255864e-01,-6.905713166286954419e+00,1.522511999632255864e-01,-6.905713166286954419e+00,1.522511999632255864e-01,-6.905713166286954419e+00,1.522511999632255864e-01,-6.905713166286954419e+00,1.522511999632255864e-01,-6.905713166286954419e+00,1.522511999632255864e-01,-6.905713166286954419e+00,1.522511999632255864e-01,-6.905713166286954419e+00,1.522511999632255864e-01,-3.722110745513114161e+00,1.406737235214148007e-01,-3.722110745513114161e+00,1.406737235214148007e-01,-3.722110745513114161e+00,1.406737235214148007e-01,-3.722110745513114161e+00,1.406737235214148007e-01,-3.722110745513114161e+00,1.406737235214148007e-01,-3.722110745513114161e+00,1.406737235214148007e-01,-3.722110745513114161e+00,1.406737235214148007e-01,-2.482051923856479103e+00,1.371952234071755206e-01,-2.482051923856479103e+00,1.371952234071755206e-01,-2.482051923856479103e+00,1.371952234071755206e-01,-2.482051923856479103e+00,1.371952234071755206e-01,-2.482051923856479103e+00,1.371952234071755206e-01,-2.482051923856479103e+00,1.371952234071755206e-01,-2.482051923856479103e+00,1.371952234071755206e-01,-2.482051923856479103e+00,1.371952234071755206e-01
3.281250000000000000e+03,-7.592550234437055678e+00,-1.637533146398695016e-01,-7.592550234437055678e+00,-1.637533146398695016e-01,-7.592550234437055678e+00,-1.637533146398695016e-01,-7.592550234437055678e+00,-1.637533146398695016e-01,-7.592550234437055678e+00,-1.637533146398695016e-01,-7.592550234437055678e+00,-1.637533146398695016e-01,-7.592550234437055678e+00,-1.637533146398695016e-01,-7.592550234437055678e+00,-1.637533146398695016e-01,-7.592550234437055678e+00,-1.637533146398695016e-01,-7.592550234437055678e+00,-1.637533146398695016e-01,-7.592550234437055678e+00,-1.637533146398695016e-01,-7.592550234437055678e+00,-1.637533146398695016e-01,-7.592550234437055678e+00,-1.637533146398695016e-01,-7.592550234437055678e+00,-1.637533146398695016e-01,-7.592550234437055678e+00,-1.637533146398695016e-01,-7.592550234437055678e+00,-1.637533146398695016e-01,-7.592550234437055678e+00,-1.637533146398695016e-01,-7.592550234437055678e+00,-1.637533146398695016e-01,-7.592550234437055678e+00,-1.637533146398695016e-01,-7.592550234437055678e+00,-1.637533146398695016e-01,-7.592550234437055678e+00,-1.637533146398695016e-01,-7.592550234437055678e+00,-1.637533146398695016e-01,-7.592550234437055678e+00,-1.637533146398695016e-01,-3.957675296624381112e+00,-1.207037098507491718e-01,-3.957675296624381112e+00,-1.207037098507491718e-01,-3.957675296624381112e+00,-1.207037098507491718e-01,-3.957675296624381112e+00,-1.207037098507491718e-01,-3.957675296624381112e+00,-1.207037098507491718e-01,-3.957675296624381112e+00,-1.207037098507491718e-01,-3.957675296624381112e+00,-1.207037098507491718e-01,-2.583812443347832222e+00,-1.086150346521894405e-01,-2.583812443347832222e+00,-1.086150346521894405e-01,-2.583812443347832222e+00,-1.086150346521894405e-01,-2.583812443347832222e+00,-1.086150346521894405e-01,-2.583812443347832222e+00,-1.086150346521894405e-01,-2.583812443347832222e+00,-1.086150346521894405e-01,-2.583812443347832222e+00,-1.086150346521894405e-01,-2.583812443347832222e+00,-1.086150346521894405e-01
3.375000000000000000e+03,-7.616480099886407729e+00,2.249666976612147429e-01,-7.616480099886407729e+00,2.249666976612147429e-01,-7.616480099886407729e+00,2.249666976612147429e-01,-7.616480099886407729e+00,2.249666976612147429e-01,-7.616480099886407729e+00,2.249666976612147429e-01,-7.616480099886407729e+00,2.249666976612147429e-01,-7.616480099886407729e+00,2.249666976612147429e-01,-7.616480099886407729e+00,2.249666976612147429e-01,-7.616480099886407729e+00,2.249666976612147429e-01,-7.616480099886407729e+00,2.249666976612147429e-01,-7.616480099886407729e+00,2.249666976612147429e-01,-7.616480099886407729e+00,2.249666976612147429e-01,-7.616480099886407729e+00,2.249666976612147429e-01,-7.616480099886407729e+00,2.249666976612147429e-01,-7.616480099886407729e+00,2.249666976612147429e-01,-7.616480099886407729e+00,2.249666976612147429e-01,-7.616480099886407729e+00,2.249666976612147429e-01,-7.616480099886407729e+00,2.249666976612147429e-01,-7.616480099886407729e+00,2.249666976612147429e-01,-7.616480099886407729e+00,2.249666976612147429e-01,-7.616480099886407729e+00,2.249666976612147429e-01,-7.616480099886407729e+00,2.249666976612147429e-01,-7.616480099886407729e+00,2.249666976612147429e-01,-3.964827654282371050e+00,1.859322254877203984e-01,-3.964827654282371050e+00,1.859322254877203984e-01,-3.964827654282371050e+00,1.859322254877203984e-01,-3.964827654282371050e+00,1.859322254877203984e-01,-3.964827654282371050e+00,1.859322254877203984e-01,-3.964827654282371050e+00,1.859322254877203984e-01,-3.964827654282371050e+00,1.859322254877203984e-01,-2.586778351440441881e+00,1.749969031348964921e-01,-2.586778351440441881e+00,1.749969031348964921e-01,-2.586778351440441881e+00,1.749969031348964921e-01,-2.586778351440441881e+00,1.749969031348964921e-01,-2.586778351440441881e+00,1.749969031348964921e-01,-2.586778351440441881e+00,1.749969031348964921e-01,-2.586778351440441881e+00,1.749969031348964921e-01,-2.586778351440441881e+00,1.749969031348964921e-01
3.468750000000000000e+03,-6.848117810453086207e+00,-1.213915504192843720e-01,-6.848117810453086207e+00,-1.213915504192843720e-01,-6.848117810453086207e+00,-1.213915504192843720e-01,-6.848117810453086207e+00,-1.213915504192843720e-01,-6.848117810453086207e+00,-1.213915504192843720e-01,-6.848117810453086207e+00,-1.213915504192843720e-01,-6.848117810453086207e+00,-1.213915504192843720e-01,-6.848117810453086207e+00,-1.213915504192843720e-01,-6.848117810453086207e+00,-1.213915504192843720e-01,-6.848117810453086207e+00,-1.213915504192843720e-01,-6.848117810453086207e+00,-1.213915504192843720e-01,-6.848117810453086207e+00,-1.213915504192843720e-01,-6.848117810453086207e+00,-1.213915504192843720e-01,-6.848117810453086207e+00,-1.213915504192843720e-01,-6.848117810453086207e+00,-1.213915504192843720e-01,-6.848117810453086207e+00,-1.213915504192843720e-01,-6.848117810453086207e+00,-1.213915504192843720e-01,-6.848117810453086207e+00,-1.213915504192843720e-01,-6.848117810453086207e+00,-1.213915504192843720e-01,-6.848117810453086207e+00,-1.213915504192843720e-01,-6.848117810453086207e+00,-1.213915504192843720e-01,-6.848117810453086207e+00,-1.213915504192843720e-01,-6.848117810453086207e+00,-1.213915504192843720e-01,-3.701811388235265010e+00,-1.237326061707138825e-01,-3.701811388235265010e+00,-1.237326061707138825e-01,-3.701811388235265010e+00,-1.237326061707138825e-01,-3.701811388235265010e+00,-1.237326061707138825e-01,-3.701811388235265010e+00,-1.237326061707138825e-01,-3.701811388235265010e+00,-1.237326061707138825e-01,-3.701811388235265010e+00,-1.237326061707138825e-01,-2.473208272317644507e+00,-1.244399587204635949e-01,-2.473208272317644507e+00,-1.244399587204635949e-01,-2.473208272317644507e+00,-1.244399587204635949e-01,-2.473208272317644507e+00,-1.244399587204635949e-01,-2.473208272317644507e+00,-1.244399587204635949e-01,-2.473208272317644507e+00,-1.244399587204635949e-01,-2.473208272317644507e+00,-1.244399587204635949e-01,-2.473208272317644507e+00,-1.244399587204635949e-01
3.562500000000000000e+03,-7.649224458960885542e+00,1.617986503562519190e-02,-7.649224458960885542e+00,1.617986503562519190e-02,-7.649224458960885542e+00,1.617986503562519190e-02,-7.649224458960885542e+00,1.617986503562519190e-02,-7.649224458960885542e+00,1.617986503562519190e-02,-7.649224458960885542e+00,1.617986503562519190e-02,-7.649224458960885542e+00,1.617986503562519190e-02,-7.649224458960885542e+00,1.617986503562519190e-02,-7.649224458960885542e+00,1.617986503562519190e-02,-7.649224458960885542e+00,1.617986503562519190e-02,-7.649224458960885542e+00,1.617986503562519190e-02,-7.649224458960885542e+00,1.617986503562519190e-02,-7.649224458960885542e+00,1.617986503562519190e-02,-7.649224458960885542e+00,1.617986503562519190e-02,-7.649224458960885542e+00,1.617986503562519190e-02,-7.649224458960885542e+00,1.617986503562519190e-02,-7.649224458960885542e+00,1.617986503562519190e-02,-7.649224458960885542e+00,1.617986503562519190e-02,-7.649224458960885542e+00,1.617986503562519190e-02,-7.649224458960885542e+00,1.617986503562519190e-02,-7.649224458960885542e+00,1.617986503562519190e-02,-7.649224458960885542e+00,1.617986503562519190e-02,-7.649224458960885542e+00,1.617986503562519190e-02,-3.975925685729841064e+00,5.742353552167786535e-02,-3.975925685729841064e+00,5.742353552167786535e-02,-3.975925685729841064e+00,5.742353552167786535e-02,-3.975925685729841064e+00,5.742353552167786535e-02,-3.975925685729841064e+00,5.742353552167786535e-02,-3.975925685729841064e+00,5.742353552167786535e-02,-3.975925685729841064e+00,5.742353552167786535e-02,-2.591552973542827321e+00,6.894029260609460530e-02,-2.591552973542827321e+00,6.894029260609460530e-02,-2.591552973542827321e+00,6.894029260609460530e-02,-2.591552973542827321e+00,6.894029260609460530e-02,-2.591552973542827321e+00,6.894029260609460530e-02,-2.591552973542827321e+00,6.894029260609460530e-02,-2.591552973542827321e+00,6.894029260609460530e-02,-2.591552973542827321e+00,6.894029260609460530e-02
3.656250000000000000e+03,-7.885424153386859203e+00,3.306782134657680616e-02,-7.885424153386859203e+00,3.306782134657680616e-02,-7.885424153386859203e+00,3.306782134657680616e-02,-7.885424153386859203e+00,3.306782134657680616e-02,-7.885424153386859203e+00,3.306782134657680616e-02,-7.885424153386859203e+00,3.306782134657680616e-02,-7.885424153386859203e+00,3.306782134657680616e-02,-7.885424153386859203e+00,3.306782134657680616e-02,-7.885424153386859203e+00,3.306782134657680616e-02,-7.885424153386859203e+00,3.306782134657680616e-02,-7.885424153386859203e+00,3.306782134657680616e-02,-7.885424153386859203e+00,3.306782134657680616e-02,-7.885424153386859203e+00,3.306782134657680616e-02,-7.885424153386859203e+00,3.306782134657680616e-02,-7.885424153386859203e+00,3.306782134657680616e-02,-7.885424153386859203e+00,3.306782134657680616e-02,-7.885424153386859203e+00,3.306782134657680616e-02,-7.885424153386859203e+00,3.306782134657680616e-02,-7.885424153386859203e+00,3.306782134657680616e-02,-7.885424153386859203e+00,3.306782134657680616e-02,-7.885424153386859203e+00,3.306782134657680616e-02,-7.885424153386859203e+00,3.306782134657680616e-02,-7.885424153386859203e+00,3.306782134657680616e-02,-4.050596991513552680e+00,4.898639053747382184e-03,-4.050596991513552680e+00,4.898639053747382184e-03,-4.050596991513552680e+00,4.898639053747382184e-03,-4.050596991513552680e+00,4.898639053747382184e-03,-4.050596991513552680e+00,4.898639053747382184e-03,-4.050596991513552680e+00,4.898639053747382184e-03,-4.050596991513552680e+00,4.898639053747382184e-03,-2.623068808274222619e+00,-2.785112494914747383e-03,-2.623068808274222619e+00,-2.785112494914747383e-03,-2.623068808274222619e+00,-2.785112494914747383e-03,-2.623068808274222619e+00,-2.785112494914747383e-03,-2.623068808274222619e+00,-2.785112494914747383e-03,-2.623068808274222619e+00,-2.785112494914747383e-03,-2.623068808274222619e+00,-2.785112494914747383e-03,-2.623068808274222619e+00,-2.785112494914747383e-03
3.750000000000000000e+03,-7.027994037825978424e+00,6.938791488965075083e-02,-7.027994037825978424e+00,6.938791488965075083e-02,-7.027994037825978424e+00,6.938791488965075083e-02,-7.027994037825978424e+00,6.938791488965075083e-02,-7.027994037825978424e+00,6.938791488965075083e-02,-7.027994037825978424e+00,6.938791488965075083e-02,-7.027994037825978424e+00,6.938791488965075083e-02,-7.027994037825978424e+00,6.938791488965075083e-02,-7.027994037825978424e+00,6.938791488965075083e-02,-7.027994037825978424e+00,6.938791488965075083e-02,-7.027994037825978424e+00,6.938791488965075083e-02,-7.027994037825978424e+00,6.938791488965075083e-02,-7.027994037825978424e+00,6.938791488965075083e-02,-7.027994037825978424e+00,6.938791488965075083e-02,-7.027994037825978424e+00,6.938791488965075083e-02,-7.027994037825978424e+00,6.938791488965075083e-02,-7.027994037825978424e+00,6.938791488965075083e-02,-7.027994037825978424e+00,6.938791488965075083e-02,-7.027994037825978424e+00,6.938791488965075083e-02,-7.027994037825978424e+00,6.938791488965075083e-02,-7.027994037825978424e+00,6.938791488965075083e-02,-7.027994037825978424e+00,6.938791488965075083e-02,-7.027994037825978424e+00,6.938791488965075083e-02,-3.765772143050687859e+00,4.133315815941973614e-02,-3.765772143050687859e+00,4.133315815941973614e-02,-3.765772143050687859e+00,4.133315815941973614e-02,-3.765772143050687859e+00,4.133315815941973614e-02,-3.765772143050687859e+00,4.133315815941973614e-02,-3.765772143050687859e+00,4.133315815941973614e-02,-3.765772143050687859e+00,4.133315815941973614e-02,-2.501140298740151202e+00,3.300436888544641678e-02,-2.501140298740151202e+00,3.300436888544641678e-02,-2.501140298740151202e+00,3.300436888544641678e-02,-2.501140298740151202e+00,3.300436888544641678e-02,-2.501140298740151202e+00,3.300436888544641678e-02,-2.501140298740151202e+00,3.300436888544641678e-02,-2.501140298740151202e+00,3.300436888544641678e-02,-2.501140298740151202e+00,3.300436888544641678e-02
3.843750000000000000e+03,-6.938770212755715150e+00,-2.999823334864956115e-01,-6.938770212755715150e+00,-2.999823334864956115e-01,-6.938770212755715150e+00,-2.999823334864956115e-01,-6.938770212755715150e+00,-2.999823334864956115e-01,-6.938770212755715150e+00,-2.999823334864956115e-01,-6.938770212755715150e+00,-2.999823334864956115e-01,-6.938770212755715150e+00,-2.999823334864956115e-01,-6.938770212755715150e+00,-2.999823334864956115e-01,-6.938770212755715150e+00,-2.999823334864956115e-01,-6.938770212755715150e+00,-2.999823334864956115e-01,-6.938770212755715150e+00,-2.999823334864956115e-01,-6.938770212755715150e+00,-2.999823334864956115e-01,-6.938770212755715150e+00,-2.999823334864956115e-01,-6.938770212755715150e+00,-2.999823334864956115e-01,-6.938770212755715150e+00,-2.999823334864956115e-01,-6.938770212755715150e+00,-2.999823334864956115e-01,-6.938770212755715150e+00,-2.999823334864956115e-01,-6.938770212755715150e+00,-2.999823334864956115e-01,-6.938770212755715150e+00,-2.999823334864956115e-01,-6.938770212755715150e+00,-2.999823334864956115e-01,-6.938770212755715150e+00,-2.999823334864956115e-01,-6.938770212755715150e+00,-2.999823334864956115e-01,-6.938770212755715150e+00,-2.999823334864956115e-01,-3.734267633946342535e+00,-2.788600292320165819e-01,-3.734267633946342535e+00,-2.788600292320165819e-01,-3.734267633946342535e+00,-2.788600292320165819e-01,-3.734267633946342535e+00,-2.788600292320165819e-01,-3.734267633946342535e+00,-2.788600292320165819e-01,-3.734267633946342535e+00,-2.788600292320165819e-01,-3.734267633946342535e+00,-2.788600292320165819e-01,-2.487412131811275184e+00,-2.725342504996714488e-01,-2.487412131811275184e+00,-2.725342504996714488e-01,-2.487412131811275184e+00,-2.725342504996714488e-01,-2.487412131811275184e+00,-2.725342504996714488e-01,-2.487412131811275184e+00,-2.725342504996714488e-01,-2.487412131811275184e+00,-2.725342504996714488e-01,-2.487412131811275184e+00,-2.725342504996714488e-01,-2.487412131811275184e+00,-2.725342504996714488e-01
3.937500000000000000e+03,-7.887422546652539168e+00,3.281308872611188865e-01,-7.887422546652539168e+00,3.281308872611188865e-01,-7.887422546652539168e+00,3.281308872611188865e-01,-7.887422546652539168e+00,3.281308872611188865e-01,-7.887422546652539168e+00,3.281308872611188865e-01,-7.887422546652539168e+00,3.281308872611188865e-01,-7.887422546652539168e+00,3.281308872611188865e-01,-7.887422546652539168e+00,3.281308872611188865e-01,-7.887422546652539168e+00,3.281308872611188865e-01,-7.887422546652539168e+00,3.281308872611188865e-01,-7.887422546652539168e+00,3.281308872611188865e-01,-7.887422546652539168e+00,3.281308872611188865e-01,-7.887422546652539168e+00,3.281308872611188865e-01,-7.887422546652539168e+00,3.281308872611188865e-01,-7.887422546652539168e+00,3.281308872611188865e-01,-7.887422546652539168e+00,3.281308872611188865e-01,-7.887422546652539168e+00,3.281308872611188865e-01,-7.887422546652539168e+00,3.281308872611188865e-01,-7.887422546652539168e+00,3.281308872611188865e-01,-7.887422546652539168e+00,3.281308872611188865e-01,-7.887422546652539168e+00,3.281308872611188865e-01,-7.887422546652539168e+00,3.281308872611188865e-01,-7.887422546652539168e+00,3.281308872611188865e-01,-4.051072042091938386e+00,3.548205877980637468e-01,-4.051072042091938386e+00,3.548205877980637468e-01,-4.051072042091938386e+00,3.548205877980637468e-01,-4.051072042091938386e+00,3.548205877980637468e-01,-4.051072042091938386e+00,3.548205877980637468e-01,-4.051072042091938386e+00,3.548205877980637468e-01,-4.051072042091938386e+00,3.548205877980637468e-01,-2.623250929347205496e+00,3.620993477541671335e-01,-2.623250929347205496e+00,3.620993477541671335e-01,-2.623250929347205496e+00,3.620993477541671335e-01,-2.623250929347205496e+00,3.620993477541671335e-01,-2.623250929347205496e+00,3.620993477541671335e-01,-2.623250929347205496e+00,3.620993477541671335e-01,-2.623250929347205496e+00,3.620993477541671335e-01,-2.623250929347205496e+00,3.620993477541671335e-01
4.031250000000000000e+03,-7.869714182792434620e+00,2.126494286761445307e-01,-7.869714182792434620e+00,2.126494286761445307e-01,-7.869714182792434620e+00,2.126494286761445307e-01,-7.869714182792434620e+00,2.126494286761445307e-01,-7.869714182792434620e+00,2.126494286761445307e-01,-7.869714182792434620e+00,2.126494286761445307e-01,-7.869714182792434620e+00,2.126494286761445307e-01,-7.869714182792434620e+00,2.126494286761445307e-01,-7.869714182792434620e+00,2.126494286761445307e-01,-7.869714182792434620e+00,2.126494286761445307e-01,-7.869714182792434620e+00,2.126494286761445307e-01,-7.869714182792434620e+00,2.126494286761445307e-01,-7.869714182792434620e+00,2.126494286761445307e-01,-7.869714182792434620e+00,2.126494286761445307e-01,-7.869714182792434620e+00,2.126494286761445307e-01,-7.869714182792434620e+00,2.126494286761445307e-01,-7.869714182792434620e+00,2.126494286761445307e-01,-7.869714182792434620e+00,2.126494286761445307e-01,-7.869714182792434620e+00,2.126494286761445307e-01,-7.869714182792434620e+00,2.126494286761445307e-01,-7.869714182792434620e+00,2.126494286761445307e-01,-7.869714182792434620e+00,2.126494286761445307e-01,-7.869714182792434620e+00,2.126494286761445307e-01,-4.045130674994842579e+00,1.883229727616435867e-01,-4.045130674994842579e+00,1.883229727616435867e-01,-4.045130674994842579e+00,1.883229727616435867e-01,-4.045130674994842579e+00,1.883229727616435867e-01,-4.045130674994842579e+00,1.883229727616435867e-01,-4.045130674994842579e+00,1.883229727616435867e-01,-4.045130674994842579e+00,1.883229727616435867e-01,-2.620702010663531034e+00,1.816769993488211721e-01,-2.620702010663531034e+00,1.816769993488211721e-01,-2.620702010663531034e+00,1.816769993488211721e-01,-2.620702010663531034e+00,1.816769993488211721e-01,-2.620702010663531034e+00,1.816769993488211721e-01,-2.620702010663531034e+00,1.816769993488211721e-01,-2.620702010663531034e+00,1.816769993488211721e-01,-2.620702010663531034e+00,1.816769993488211721e-01
4.125000000000000000e+03,-7.503372021712849005e+00,-1.396165119855413139e-01,-7.503372021712849005e+00,-1.396165119855413139e-01,-7.503372021712849005e+00,-1.396165119855413139e-01,-7.503372021712849005e+00,-1.396165119855413139e-01,-7.503372021712849005e+00,-1.396165119855413139e-01,-7.503372021712849005e+00,-1.396165119855413139e-01,-7.503372021712849005e+00,-1.396165119855413139e-01,-7.503372021712849005e+00,-1.396165119855413139e-01,-7.503372021712849005e+00,-1.396165119855413139e-01,-7.503372021712849005e+00,-1.396165119855413139e-01,-7.503372021712849005e+00,-1.396165119855413139e-01,-7.503372021712849005e+00,-1.396165119855413139e-01,-7.503372021712849005e+00,-1.396165119855413139e-01,-7.503372021712849005e+00,-1.396165119855413139e-01,-7.503372021712849005e+00,-1.396165119855413139e-01,-7.503372021712849005e+00,-1.396165119855413139e-01,-7.503372021712849005e+00,-1.396165119855413139e-01,-7.503372021712849005e+00,-1.396165119855413139e-01,-7.503372021712849005e+00,-1.396165119855413139e-01,-7.503372021712849005e+00,-1.396165119855413139e-01,-7.503372021712849005e+00,-1.396165119855413139e-01,-7.503372021712849005e+00,-1.396165119855413139e-01,-7.503372021712849005e+00,-1.396165119855413139e-01,-3.928210215900069802e+00,-1.822521214142640289e-01,-3.928210215900069802e+00,-1.822521214142640289e-01,-3.928210215900069802e+00,-1.822521214142640289e-01,-3.928210215900069802e+00,-1.822521214142640289e-01,-3.928210215900069802e+00,-1.822521214142640289e-01,-3.928210215900069802e+00,-1.822521214142640289e-01,-3.928210215900069802e+00,-1.822521214142640289e-01,-2.571224494038977681e+00,-1.943306513130872437e-01,-2.571224494038977681e+00,-1.943306513130872437e-01,-2.571224494038977681e+00,-1.943306513130872437e-01,-2.571224494038977681e+00,-1.943306513130872437e-01,-2.571224494038977681e+00,-1.943306513130872437e-01,-2.571224494038977681e+00,-1.943306513130872437e-01,-2.571224494038977681e+00,-1.943306513130872437e-01,-2.571224494038977681e+00,-1.943306513130872437e-01
4.218750000000000000e+03,-6.958524279892706055e+00,-1.997391247606072201e-02,-6.958524279892706055e+00,-1.997391247606072201e-02,-6.958524279892706055e+00,-1.997391247606072201e-02,-6.958524279892706055e+00,-1.997391247606072201e-02,-6.958524279892706055e+00,-1.997391247606072201e-02,-6.958524279892706055e+00,-1.997391247606072201e-02,-6.958524279892706055e+00,-1.997391247606072201e-02,-6.958524279892706055e+00,-1.997391247606072201e-02,-6.958524279892706055e+00,-1.997391247606072201e-02,-6.958524279892706055e+00,-1.997391247606072201e-02,-6.958524279892706055e+00,-1.997391247606072201e-02,-6.958524279892706055e+00,-1.997391247606072201e-02,-6.958524279892706055e+00,-1.997391247606072201e-02,-6.958524279892706055e+00,-1.997391247606072201e-02,-6.958524279892706055e+00,-1.997391247606072201e-02,-6.958524279892706055e+00,-1.997391247606072201e-02,-6.958524279892706055e+00,-1.997391247606072201e-02,-6.958524279892706055e+00,-1.997391247606072201e-02,-6.958524279892706055e+00,-1.997391247606072201e-02,-6.958524279892706055e+00,-1.997391247606072201e-02,-6.958524279892706055e+00,-1.997391247606072201e-02,-6.958524279892706055e+00,-1.997391247606072201e-02,-6.958524279892706055e+00,-1.997391247606072201e-02,-3.741087303294666100e+00,-4.107742288809761860e-02,-3.741087303294666100e+00,-4.107742288809761860e-02,-3.741087303294666100e+00,-4.107742288809761860e-02,-3.741087303294666100e+00,-4.107742288809761860e-02,-3.741087303294666100e+00,-4.107742288809761860e-02,-3.741087303294666100e+00,-4.107742288809761860e-02,-3.741087303294666100e+00,-4.107742288809761860e-02,-2.490364442089034736e+00,-4.738536005862824252e-02,-2.490364442089034736e+00,-4.738536005862824252e-02,-2.490364442089034736e+00,-4.738536005862824252e-02,-2.490364442089034736e+00,-4.738536005862824252e-02,-2.490364442089034736e+00,-4.738536005862824252e-02,-2.490364442089034736e+00,-4.738536005862824252e-02,-2.490364442089034736e+00,-4.738536005862824252e-02,-2.490364442089034736e+00,-4.738536005862824252e-02
4.312500000000000000e+03,-6.891507116399852251e+00,-2.507098049413187812e-01,-6.891507116399852251e+00,-2.507098049413187812e-01,-6.891507116399852251e+00,-2.507098049413187812e-01,-6.891507116399852251e+00,-2.507098049413187812e-01,-6.891507116399852251e+00,-2.507098049413187812e-01,-6.891507116399852251e+00,-2.507098049413187812e-01,-6.891507116399852251e+00,-2.507098049413187812e-01,-6.891507116399852251e+00,-2.507098049413187812e-01,-6.891507116399852251e+00,-2.507098049413187812e-01,-6.891507116399852251e+00,-2.507098049413187812e-01,-6.891507116399852251e+00,-2.507098049413187812e-01,-6.891507116399852251e+00,-2.507098049413187812e-01,-6.891507116399852251e+00,-2.507098049413187812e-01,-6.891507116399852251e+00,-2.507098049413187812e-01,-6.891507116399852251e+00,-2.507098049413187812e-01,-6.891507116399852251e+00,-2.507098049413187812e-01,-6.891507116399852251e+00,-2.507098049413187812e-01,-6.891507116399852251e+00,-2.507098049413187812e-01,-6.891507116399852251e+00,-2.507098049413187812e-01,-6.891507116399852251e+00,-2.507098049413187812e-01,-6.891507116399852251e+00,-2.507098049413187812e-01,-6.891507116399852251e+00,-2.507098049413187812e-01,-6.891507116399852251e+00,-2.507098049413187812e-01,-3.717048313229382561e+00,-2.420720652844575160e-01,-3.717048313229382561e+00,-2.420720652844575160e-01,-3.717048313229382561e+00,-2.420720652844575160e-01,-3.717048313229382561e+00,-2.420720652844575160e-01,-3.717048313229382561e+00,-2.420720652844575160e-01,-3.717048313229382561e+00,-2.420720652844575160e-01,-3.717048313229382561e+00,-2.420720652844575160e-01,-2.479839367213992229e+00,-2.394732116835470992e-01,-2.479839367213992229e+00,-2.394732116835470992e-01,-2.479839367213992229e+00,-2.394732116835470992e-01,-2.479839367213992229e+00,-2.394732116835470992e-01,-2.479839367213992229e+00,-2.394732116835470992e-01,-2.479839367213992229e+00,-2.394732116835470992e-01,-2.479839367213992229e+00,-2.394732116835470992e-01,-2.479839367213992229e+00,-2.394732116835470992e-01
4.406250000000000000e+03,-7.174813608216576100e+00,-5.850832439417665704e-02,-7.174813608216576100e+00,-5.850832439417665704e-02,-7.174813608216576100e+00,-5.850832439417665704e-02,-7.174813608216576100e+00,-5.850832439417665704e-02,-7.174813608216576100e+00,-5.850832439417665704e-02,-7.174813608216576100e+00,-5.850832439417665704e-02,-7.174813608216576100e+00,-5.850832439417665704e-02,-7.174813608216576100e+00,-5.850832439417665704e-02,-7.174813608216576100e+00,-5.850832439417665704e-02,-7.174813608216576100e+00,-5.850832439417665704e-02,-7.174813608216576100e+00,-5.850832439417665704e-02,-7.174813608216576100e+00,-5.850832439417665704e-02,-7.174813608216576100e+00,-5.850832439417665704e-02,-7.174813608216576100e+00,-5.850832439417665704e-02,-7.174813608216576100e+00,-5.850832439417665704e-02,-7.174813608216576100e+00,-5.850832439417665704e-02,-7.174813608216576100e+00,-5.850832439417665704e-02,-7.174813608216576100e+00,-5.850832439417665704e-02,-7.174813608216576100e+00,-5.850832439417665704e-02,-7.174813608216576100e+00,-5.850832439417665704e-02,-7.174813608216576100e+00,-5.850832439417665704e-02,-7.174813608216576100e+00,-5.850832439417665704e-02,-7.174813608216576100e+00,-5.850832439417665704e-02,-3.817862624609991595e+00,-1.756647821827140438e-02,-3.817862624609991595e+00,-1.756647821827140438e-02,-3.817862624609991595e+00,-1.756647821827140438e-02,-3.817862624609991595e+00,-1.756647821827140438e-02,-3.817862624609991595e+00,-1.756647821827140438e-02,-3.817862624609991595e+00,-1.756647821827140438e-02,-3.817862624609991595e+00,-1.756647821827140438e-02,-2.523860054406630749e+00,-5.585871785967317336e-03,-2.523860054406630749e+00,-5.585871785967317336e-03,-2.523860054406630749e+00,-5.585871785967317336e-03,-2.523860054406630749e+00,-5.585871785967317336e-03,-2.523860054406630749e+00,-5.585871785967317336e-03,-2.523860054406630749e+00,-5.585871785967317336e-03,-2.523860054406630749e+00,-5.585871785967317336e-03,-2.523860054406630749e+00,-5.585871785967317336e-03
4.500000000000000000e+03,-7.609468958082228340e+00,9.230194808614923530e-02,-7.609468958082228340e+00,9.230194808614923530e-02,-7.609468958082228340e+00,9.230194808614923530e-02,-7.609468958082228340e+00,9.230194808614923530e-02,-7.609468958082228340e+00,9.230194808614923530e-02,-7.609468958082228340e+00,9.230194808614923530e-02,-7.609468958082228340e+00,9.230194808614923530e-02,-7.609468958082228340e+00,9.230194808614923530e-02,-7.609468958082228340e+00,9.230194808614923530e-02,-7.609468958082228340e+00,9.230194808614923530e-02,-7.609468958082228340e+00,9.230194808614923530e-02,-7.609468958082228340e+00,9.230194808614923530e-02,-7.609468958082228340e+00,9.230194808614923530e-02,-7.609468958082228340e+00,9.230194808614923530e-02,-7.609468958082228340e+00,9.230194808614923530e-02,-7.609468958082228340e+00,9.230194808614923530e-02,-7.609468958082228340e+00,9.230194808614923530e-02,-7.609468958082228340e+00,9.230194808614923530e-02,-7.609468958082228340e+00,9.230194808614923530e-02,-7.609468958082228340e+00,9.230194808614923530e-02,-7.609468958082228340e+00,9.230194808614923530e-02,-7.609468958082228340e+00,9.230194808614923530e-02,-7.609468958082228340e+00,9.230194808614923530e-02,-3.962627842791889954e+00,1.319332652054704680e-01,-3.962627842791889954e+00,1.319332652054704680e-01,-3.962627842791889954e+00,1.319332652054704680e-01,-3.962627842791889954e+00,1.319332652054704680e-01,-3.962627842791889954e+00,1.319332652054704680e-01,-3.962627842791889954e+00,1.319332652054704680e-01,-3.962627842791889954e+00,1.319332652054704680e-01,-2.585852345747708725e+00,1.430434919330014487e-01,-2.585852345747708725e+00,1.430434919330014487e-01,-2.585852345747708725e+00,1.430434919330014487e-01,-2.585852345747708725e+00,1.430434919330014487e-01,-2.585852345747708725e+00,1.430434919330014487e-01,-2.585852345747708725e+00,1.430434919330014487e-01,-2.585852345747708725e+00,1.430434919330014487e-01,-2.585852345747708725e+00,1.430434919330014487e-01
4.593750000000000000e+03,-7.742873249239284661e+00,-2.221180612345010630e-01,-7.742873249239284661e+00,-2.221180612345010630e-01,-7.742873249239284661e+00,-2.221180612345010630e-01,-7.742873249239284661e+00,-2.221180612345010630e-01,-7.742873249239284661e+00,-2.221180612345010630e-01,-7.742873249239284661e+00,-2.221180612345010630e-01,-7.742873249239284661e+00,-2.221180612345010630e-01,-7.742873249239284661e+00,-2.221180612345010630e-01,-7.742873249239284661e+00,-2.221180612345010630e-01,-7.742873249239284661e+00,-2.221180612345010630e-01,-7.742873249239284661e+00,-2.221180612345010630e-01,-7.742873249239284661e+00,-2.221180612345010630e-01,-7.742873249239284661e+00,-2.221180612345010630e-01,-7.742873249239284661e+00,-2.221180612345010630e-01,-7.742873249239284661e+00,-2.221180612345010630e-01,-7.742873249239284661e+00,-2.221180612345010630e-01,-7.742873249239284661e+00,-2.221180612345010630e-01,-7.742873249239284661e+00,-2.221180612345010630e-01,-7.742873249239284661e+00,-2.221180612345010630e-01,-7.742873249239284661e+00,-2.221180612345010630e-01,-7.742873249239284661e+00,-2.221180612345010630e-01,-7.742873249239284661e+00,-2.221180612345010630e-01,-7.742873249239284661e+00,-2.221180612345010630e-01,-4.005695017505366273e+00,-1.854457364354610283e-01,-4.005695017505366273e+00,-1.854457364354610283e-01,-4.005695017505366273e+00,-1.854457364354610283e-01,-4.005695017505366273e+00,-1.854457364354610283e-01,-4.005695017505366273e+00,-1.854457364354610283e-01,-4.005695017505366273e+00,-1.854457364354610283e-01,-4.005695017505366273e+00,-1.854457364354610283e-01,-2.604134601719403364e+00,-1.753000457771835552e-01,-2.604134601719403364e+00,-1.753000457771835552e-01,-2.604134601719403364e+00,-1.753000457771835552e-01,-2.604134601719403364e+00,-1.753000457771835552e-01,-2.604134601719403364e+00,-1.753000457771835552e-01,-2.604134601719403364e+00,-1.753000457771835552e-01,-2.604134601719403364e+00,-1.753000457771835552e-01,-2.604134601719403364e+00,-1.753000457771835552e-01
4.687500000000000000e+03,-7.971070508997315507e+00,1.654995653418332713e-01,-7.971070508997315507e+00,1.654995653418332713e-01,-7.971070508997315507e+00,1.654995653418332713e-01,-7.971070508997315507e+00,1.654995653418332713e-01,-7.971070508997315507e+00,1.654995653418332713e-01,-7.971070508997315507e+00,1.654995653418332713e-01,-7.971070508997315507e+00,1.654995653418332713e-01,-7.971070508997315507e+00,1.654995653418332713e-01,-7.971070508997315507e+00,1.654995653418332713e-01,-7.971070508997315507e+00,1.654995653418332713e-01,-7.971070508997315507e+00,1.654995653418332713e-01,-7.971070508997315507e+00,1.654995653418332713e-01,-7.971070508997315507e+00,1.654995653418332713e-01,-7.971070508997315507e+00,1.654995653418332713e-01,-7.971070508997315507e+00,1.654995653418332713e-01,-7.971070508997315507e+00,1.654995653418332713e-01,-7.971070508997315507e+00,1.654995653418332713e-01,-7.971070508997315507e+00,1.654995653418332713e-01,-7.971070508997315507e+00,1.654995653418332713e-01,-7.971070508997315507e+00,1.654995653418332713e-01,-7.971070508997315507e+00,1.654995653418332713e-01,-7.971070508997315507e+00,1.654995653418332713e-01,-7.971070508997315507e+00,1.654995653418332713e-01,-4.076651382688204706e+00,1.764862390087819921e-01,-4.076651382688204706e+00,1.764862390087819921e-01,-4.076651382688204706e+00,1.764862390087819921e-01,-4.076651382688204706e+00,1.764862390087819921e-01,-4.076651382688204706e+00,1.764862390087819921e-01,-4.076651382688204706e+00,1.764862390087819921e-01,-4.076651382688204706e+00,1.764862390087819921e-01,-2.633951138550949533e+00,1.794577145705285315e-01,-2.633951138550949533e+00,1.794577145705285315e-01,-2.633951138550949533e+00,1.794577145705285315e-01,-2.633951138550949533e+00,1.794577145705285315e-01,-2.633951138550949533e+00,1.794577145705285315e-01,-2.633951138550949533e+00,1.794577145705285315e-01,-2.633951138550949533e+00,1.794577145705285315e-01,-2.633951138550949533e+00,1.794577145705285315e-01
4.781250000000000000e+03,-7.955706997646520229e+00,2.836623716727444400e-01,-7.955706997646520229e+00,2.836623716727444400e-01,-7.955706997646520229e+00,2.836623716727444400e-01,-7.955706997646520229e+00,2.836623716727444400e-01,-7.955706997646520229e+00,2.836623716727444400e-01,-7.955706997646520229e+00,2.836623716727444400e-01,-7.955706997646520229e+00,2.836623716727444400e-01,-7.955706997646520229e+00,2.836623716727444400e-01,-7.955706997646520229e+00,2.836623716727444400e-01,-7.955706997646520229e+00,2.836623716727444400e-01,-7.955706997646520229e+00,2.836623716727444400e-01,-7.955706997646520229e+00,2.836623716727444400e-01,-7.955706997646520229e+00,2.836623716727444400e-01,-7.955706997646520229e+00,2.836623716727444400e-01,-7.955706997646520229e+00,2.836623716727444400e-01,-7.955706997646520229e+00,2.836623716727444400e-01,-7.955706997646520229e+00,2.836623716727444400e-01,-7.955706997646520229e+00,2.836623716727444400e-01,-7.955706997646520229e+00,2.836623716727444400e-01,-7.955706997646520229e+00,2.836623716727444400e-01,-7.955706997646520229e+00,2.836623716727444400e-01,-7.955706997646520229e+00,2.836623716727444400e-01,-7.955706997646520229e+00,2.836623716727444400e-01,-4.071545521797373723e+00,2.787615859413452579e-01,-4.071545521797373723e+00,2.787615859413452579e-01,-4.071545521797373723e+00,2.787615859413452579e-01,-4.071545521797373723e+00,2.787615859413452579e-01,-4.071545521797373723e+00,2.787615859413452579e-01,-4.071545521797373723e+00,2.787615859413452579e-01,-4.071545521797373723e+00,2.787615859413452579e-01,-2.631765996426089771e+00,2.774340782120812143e-01,-2.631765996426089771e+00,2.774340782120812143e-01,-2.631765996426089771e+00,2.774340782120812143e-01,-2.631765996426089771e+00,2.774340782120812143e-01,-2.631765996426089771e+00,2.774340782120812143e-01,-2.631765996426089771e+00,2.774340782120812143e-01,-2.631765996426089771e+00,2.774340782120812143e-01,-2.631765996426089771e+00,2.774340782120812143e-01
